ID,Approval
5091261,Yes
5096963,Yes
5087880,Yes
5021949,Yes
5105705,Yes
5029195,Yes
5029213,No
5051050,Yes
5061569,Yes
5091430,Yes
5095937,Yes
5021779,Yes
5052741,No
5139986,Yes
5105263,Yes
5091897,Yes
5125996,Yes
5038825,Yes
5023540,Yes
5023302,Yes
5116954,No
5115460,Yes
5025005,Yes
5069130,Yes
5038812,Yes
5047735,Yes
5136991,Yes
5028534,Yes
5018414,No
5095170,Yes
5010965,Yes
5026054,Yes
5010272,Yes
5028418,Yes
5052618,Yes
5116870,Yes
5085890,Yes
5028888,Yes
5046276,Yes
5125592,No
5088930,Yes
5051005,Yes
5099917,Yes
5105984,Yes
5033577,Yes
5096828,Yes
5025182,Yes
5096631,Yes
5112867,Yes
5113292,Yes
5092052,Yes
5089647,Yes
5092127,Yes
5118037,Yes
5046063,No
5038866,Yes
5139957,Yes
5058444,Yes
5149273,Yes
5009183,Yes
5135629,No
5126549,Yes
5135423,Yes
5052981,Yes
5132957,Yes
5126760,Yes
5058308,Yes
5036794,No
5126593,Yes
5125816,No
5069173,Yes
5025109,Yes
5091303,Yes
5008900,Yes
5023054,No
5125747,No
5137418,Yes
5112950,Yes
5090533,Yes
5009983,Yes
5092108,Yes
5065428,Yes
5067741,Yes
5104881,Yes
5024698,Yes
5010012,Yes
5092429,Yes
5052825,Yes
5010064,Yes
5061443,Yes
5088352,Yes
5036669,No
5053554,Yes
5148536,Yes
5062236,Yes
5037068,Yes
5067347,Yes
5126591,Yes
5047929,Yes
5090515,No
5106075,Yes
5088844,Yes
5150037,Yes
5105316,Yes
5143027,Yes
5053941,Yes
5096165,Yes
5106042,Yes
5066604,No
5092090,Yes
5036453,No
5068581,Yes
5095479,Yes
5022418,Yes
5066363,Yes
5058371,Yes
5095674,Yes
5092269,Yes
5090346,Yes
5009957,Yes
5089717,Yes
5036753,No
5054694,Yes
5069389,Yes
5010624,No
5142698,Yes
5087933,Yes
5114126,Yes
5085889,Yes
5132413,Yes
5021515,Yes
5117331,Yes
5047771,Yes
5048276,Yes
5062604,Yes
5067360,Yes
5116189,Yes
5105867,Yes
5053521,Yes
5148833,Yes
5056237,Yes
5091753,Yes
5145795,No
5074667,Yes
5096896,Yes
5146464,Yes
5038646,Yes
5104960,Yes
5095962,Yes
5008820,Yes
5074639,Yes
5010493,Yes
5089846,Yes
5045710,Yes
5088199,Yes
5010772,Yes
5036319,Yes
5139529,Yes
5125264,Yes
5046030,Yes
5023723,No
5041674,Yes
5026226,Yes
5028489,Yes
5118173,Yes
5047708,Yes
5048601,Yes
5089998,No
5038745,Yes
5142338,Yes
5100070,Yes
5021484,Yes
5090936,Yes
5033831,Yes
5135875,Yes
5137448,Yes
5036077,Yes
5028779,Yes
5146474,Yes
5149716,Yes
5132846,Yes
5062625,Yes
5085660,Yes
5095157,Yes
5114333,Yes
5096840,No
5054277,Yes
5045124,No
5009985,Yes
5099753,Yes
5078984,Yes
5010940,Yes
5022041,Yes
5041489,Yes
5105820,Yes
5062558,Yes
5117053,Yes
5091672,No
5117461,Yes
5089278,Yes
5113771,No
5009124,Yes
5062299,Yes
5132442,Yes
5116820,Yes
5047680,Yes
5149196,Yes
5054227,Yes
5068606,Yes
5069310,Yes
5149956,Yes
5045813,No
5068548,Yes
5025171,Yes
5115865,Yes
5111115,Yes
5089716,Yes
5009135,Yes
5117074,Yes
5041570,Yes
5089288,Yes
5090842,Yes
5105588,Yes
5024313,No
5068743,Yes
5010773,Yes
5126832,Yes
5054164,Yes
5065670,Yes
5105627,Yes
5067208,Yes
5067414,Yes
5033865,Yes
5125928,Yes
5029472,No
5061690,Yes
5041750,Yes
5033651,Yes
5136974,Yes
5061644,No
5105215,Yes
5010032,No
5041776,Yes
5145919,Yes
5022872,Yes
5149208,Yes
5010593,No
5100277,No
5126707,No
5038870,Yes
5105718,Yes
5068794,Yes
5038677,Yes
5090154,Yes
5146448,Yes
5132693,Yes
5024854,Yes
5062302,Yes
5146520,Yes
5045633,Yes
5062623,Yes
5150304,No
5024417,Yes
5104957,Yes
5029031,Yes
5065712,Yes
5065537,Yes
5091064,Yes
5148730,Yes
5010474,Yes
5067164,Yes
5113017,No
5053373,Yes
5115953,Yes
5028427,Yes
5021383,Yes
5050507,Yes
5092196,No
5090734,Yes
5095237,Yes
5066464,Yes
5069491,Yes
5010888,No
5008888,Yes
5053008,Yes
5088871,Yes
5095759,Yes
5054281,Yes
5008892,Yes
5044570,Yes
5061622,Yes
5132728,Yes
5065561,Yes
5069475,Yes
5087514,Yes
5079100,No
5048324,Yes
5095922,No
5088290,Yes
5146395,Yes
5142175,Yes
5054512,Yes
5150406,Yes
5135462,No
5125813,Yes
5117908,Yes
5066971,Yes
5135882,Yes
5140027,Yes
5053403,Yes
5068715,Yes
5096665,No
5114450,Yes
5029134,Yes
5096500,Yes
5054314,Yes
5068432,Yes
5011033,Yes
5142354,Yes
5096159,Yes
5067057,Yes
5053227,Yes
5095915,No
5090236,Yes
5045794,Yes
5037058,Yes
5105438,Yes
5149911,Yes
5105161,Yes
5058429,Yes
5146006,Yes
5036654,Yes
5118324,Yes
5116106,Yes
5149586,Yes
5067965,Yes
5149768,Yes
5048072,Yes
5026180,Yes
5023650,Yes
5092111,Yes
5069321,Yes
5037089,Yes
5024583,Yes
5038683,No
5094950,No
5137414,Yes
5114594,Yes
5044854,No
5061474,Yes
5054069,Yes
5092146,Yes
5139680,Yes
5140121,Yes
5095131,No
5029406,Yes
5142320,Yes
5091028,No
5010722,Yes
5115893,Yes
5051219,Yes
5022295,Yes
5092372,No
5026556,No
5046151,Yes
5146068,Yes
5054270,Yes
5062446,Yes
5036720,No
5115451,Yes
5024415,Yes
5023743,Yes
5022643,Yes
5029125,Yes
5117814,No
5044583,Yes
5105445,Yes
5021399,Yes
5050556,Yes
5054488,Yes
5023352,Yes
5032289,Yes
5105553,Yes
5090805,Yes
5053593,Yes
5105957,Yes
5106048,Yes
5046239,No
5090299,Yes
5091195,Yes
5047968,Yes
5117550,Yes
5149291,Yes
5068790,Yes
5026406,No
5065610,Yes
5118564,Yes
5149499,Yes
5041662,Yes
5036080,Yes
5126701,No
5126788,No
5089698,Yes
5025879,Yes
5150421,Yes
5095501,Yes
5132947,Yes
5091378,Yes
5145781,Yes
5045356,Yes
5023603,Yes
5010850,Yes
5137302,Yes
5045380,Yes
5143224,No
5116845,Yes
5067821,Yes
5142975,Yes
5009129,Yes
5026474,Yes
5135437,Yes
5067385,Yes
5089558,Yes
5068479,Yes
5010600,Yes
5045670,Yes
5066362,Yes
5096683,Yes
5022694,No
5067673,Yes
5041819,Yes
5090270,Yes
5091552,Yes
5090752,Yes
5065787,Yes
5126342,Yes
5036132,Yes
5125998,Yes
5054555,Yes
5062690,Yes
5132567,Yes
5118284,Yes
5142811,Yes
5097029,Yes
5116921,Yes
5068079,No
5096857,Yes
5105802,Yes
5105544,Yes
5022649,Yes
5024666,Yes
5090596,Yes
5054038,Yes
5058321,No
5126277,Yes
5088083,No
5054680,Yes
5137425,Yes
5117355,Yes
5125769,Yes
5095884,Yes
5125601,Yes
5117214,Yes
5061996,Yes
5036541,Yes
5132329,Yes
5026148,Yes
5143439,No
5126578,Yes
5143436,No
5033677,Yes
5022627,Yes
5045825,No
5025012,Yes
5112955,Yes
5089112,Yes
5149241,Yes
5089779,Yes
5095781,Yes
5036969,Yes
5008913,Yes
5091653,Yes
5117453,Yes
5088999,Yes
5036064,Yes
5058551,Yes
5066539,Yes
5058477,Yes
5052818,Yes
5096833,Yes
5069178,Yes
5142459,Yes
5088805,Yes
5061118,Yes
5068506,Yes
5028862,Yes
5114077,Yes
5096463,Yes
5025961,Yes
5112761,Yes
5033591,Yes
5149524,No
5037022,Yes
5089373,Yes
5096455,Yes
5117817,Yes
5126570,Yes
5125474,Yes
5036277,Yes
5045246,Yes
5096527,Yes
5116329,Yes
5044479,Yes
5142683,Yes
5068805,Yes
5045165,Yes
5148566,Yes
5054130,Yes
5010304,Yes
5078851,Yes
5067685,Yes
5116321,Yes
5045370,Yes
5146584,Yes
5054684,Yes
5041492,No
5125688,Yes
5104848,Yes
5046305,Yes
5058475,Yes
5089695,Yes
5029026,Yes
5046278,Yes
5150040,Yes
5045567,Yes
5033952,Yes
5053721,Yes
5117480,Yes
5096841,No
5036134,Yes
5095679,Yes
5045722,Yes
5008962,Yes
5142339,Yes
5028716,Yes
5105030,Yes
5022305,Yes
5022111,Yes
5054228,Yes
5028464,Yes
5146456,Yes
5115804,Yes
5125623,Yes
5008853,Yes
5148898,Yes
5066427,Yes
5033914,Yes
5010820,Yes
5065837,No
5034016,Yes
5149356,Yes
5146039,Yes
5018505,Yes
5069073,Yes
5113500,Yes
5095303,Yes
5010998,Yes
5114457,Yes
5067932,Yes
5048516,Yes
5099709,Yes
5132772,Yes
5009391,Yes
5054515,Yes
5048462,Yes
5047927,Yes
5026200,Yes
5033596,Yes
5024664,Yes
5010670,No
5092044,Yes
5009468,Yes
5023475,No
5069018,Yes
5116735,No
5048397,Yes
5089496,Yes
5067163,Yes
5053158,Yes
5050582,Yes
5100355,Yes
5099738,Yes
5092323,Yes
5058302,No
5036551,Yes
5105574,Yes
5021340,Yes
5087899,Yes
5009332,Yes
5068986,Yes
5009382,Yes
5105458,Yes
5047640,Yes
5029427,Yes
5048463,Yes
5041066,Yes
5041562,Yes
5105717,Yes
5099852,Yes
5028280,Yes
5024148,Yes
5033713,Yes
5125182,Yes
5146455,Yes
5069100,Yes
5135625,Yes
5021441,Yes
5143078,Yes
5029350,Yes
5054150,Yes
5066490,No
5118149,Yes
5067573,Yes
5095193,Yes
5095268,Yes
5091880,Yes
5089023,Yes
5029017,Yes
5142836,Yes
5118643,Yes
5052829,Yes
5062723,Yes
5143237,Yes
5023883,Yes
5125782,Yes
5054759,Yes
5029200,Yes
5091825,Yes
5137481,Yes
5036127,Yes
5056084,Yes
5022495,Yes
5092102,Yes
5028259,Yes
5068760,Yes
5052881,No
5112682,No
5010410,No
5054747,Yes
5046077,Yes
5115409,Yes
5042269,Yes
5137394,Yes
5113649,Yes
5125936,Yes
5023035,Yes
5088707,No
5037010,Yes
5117643,Yes
5087554,Yes
5053806,Yes
5011043,No
5008875,Yes
5115671,Yes
5052860,Yes
5033474,Yes
5118123,Yes
5026193,No
5111097,Yes
5116385,Yes
5142587,Yes
5010376,No
5089896,Yes
5044751,Yes
5022388,No
5116075,No
5025080,Yes
5095098,Yes
5032281,Yes
5105854,Yes
5089403,Yes
5045604,Yes
5118049,Yes
5125911,Yes
5069421,Yes
5035685,Yes
5029522,Yes
5142171,Yes
5054524,Yes
5116450,Yes
5089715,Yes
5118616,Yes
5069234,Yes
5149805,Yes
5105526,Yes
5148707,Yes
5089707,Yes
5022454,Yes
5022125,Yes
5117931,Yes
5105877,Yes
5024910,Yes
5113872,Yes
5009717,Yes
5135843,Yes
5062740,Yes
5048497,Yes
5148621,No
5079216,Yes
5085802,Yes
5051175,Yes
5011001,Yes
5090453,No
5125178,Yes
5045964,Yes
5090121,Yes
5042091,Yes
5099959,No
5135890,Yes
5068486,Yes
5022835,Yes
5051077,Yes
5029071,Yes
5126141,Yes
5126249,Yes
5054690,Yes
5053498,Yes
5115969,Yes
5024236,Yes
5118064,No
5142916,Yes
5145834,Yes
5085907,Yes
5135993,Yes
5038824,No
5052840,Yes
5096808,No
5146427,Yes
5091668,Yes
5095463,Yes
5046115,Yes
5142536,Yes
5069340,Yes
5142927,Yes
5142096,Yes
5092268,Yes
5126557,Yes
5126382,Yes
5074734,Yes
5104862,Yes
5025928,Yes
5054116,Yes
5046065,No
5143066,Yes
5149123,Yes
5135864,Yes
5029604,Yes
5132368,No
5090639,Yes
5115934,Yes
5090743,No
5089299,Yes
5024170,Yes
5132664,Yes
5118288,Yes
5022692,Yes
5028995,Yes
5046176,No
5062699,Yes
5067180,Yes
5089408,Yes
5024567,Yes
5029567,Yes
5125729,Yes
5052758,Yes
5036851,Yes
5145842,Yes
5023692,Yes
5038570,Yes
5062131,No
5048177,Yes
5054050,Yes
5009916,Yes
5125280,Yes
5115813,Yes
5009864,Yes
5096353,Yes
5038544,Yes
5074808,Yes
5113851,Yes
5100009,Yes
5024526,Yes
5113569,Yes
5139572,Yes
5061073,Yes
5067610,Yes
5118210,Yes
5143401,Yes
5066900,Yes
5050645,Yes
5036552,Yes
5067546,Yes
5024795,No
5052596,No
5069228,Yes
5062149,Yes
5087533,Yes
5061157,Yes
5024483,Yes
5042352,Yes
5091509,No
5089675,Yes
5047647,Yes
5117919,Yes
5023521,Yes
5061842,Yes
5132936,Yes
5149840,No
5041681,Yes
5142350,Yes
5090838,Yes
5036553,Yes
5079116,Yes
5009865,Yes
5036358,Yes
5139526,Yes
5058502,No
5079284,Yes
5042019,Yes
5068164,Yes
5065395,Yes
5010791,Yes
5053033,No
5054087,No
5053952,Yes
5089671,Yes
5148980,Yes
5018426,Yes
5105599,Yes
5143396,Yes
5088900,Yes
5042039,Yes
5061651,Yes
5142605,No
5089409,Yes
5095456,Yes
5135641,Yes
5053111,No
5029356,Yes
5041342,Yes
5036615,No
5142781,Yes
5148938,Yes
5142190,Yes
5065532,Yes
5148577,No
5028442,Yes
5068605,Yes
5032292,Yes
5118268,Yes
5028993,No
5111071,Yes
5022900,Yes
5139492,Yes
5021637,Yes
5113906,Yes
5118636,Yes
5067664,Yes
5008809,Yes
5009207,Yes
5062308,Yes
5113328,No
5061566,No
5053856,Yes
5091285,Yes
5066980,Yes
5116590,Yes
5126315,Yes
5061405,Yes
5054008,Yes
5024900,Yes
5067511,Yes
5021984,Yes
5036092,Yes
5089223,Yes
5009622,Yes
5113212,Yes
5036509,Yes
5111072,Yes
5067142,Yes
5117313,Yes
5079088,Yes
5132806,Yes
5062140,Yes
5118194,Yes
5125540,Yes
5028290,Yes
5143442,No
5048175,Yes
5150467,Yes
5139333,Yes
5061117,Yes
5146450,Yes
5056079,Yes
5052774,Yes
5079272,Yes
5033582,Yes
5021575,Yes
5125655,Yes
5143631,Yes
5125784,Yes
5126335,Yes
5023409,No
5068422,Yes
5088960,Yes
5087829,Yes
5050680,Yes
5046548,Yes
5056071,Yes
5050809,Yes
5058435,Yes
5052754,Yes
5061266,Yes
5023739,Yes
5143211,Yes
5118009,Yes
5037226,Yes
5118159,Yes
5023451,Yes
5126468,Yes
5114303,No
5116783,Yes
5137411,Yes
5036983,Yes
5125191,Yes
5079156,Yes
5112985,Yes
5100376,Yes
5053712,Yes
5053473,No
5041162,Yes
5145921,Yes
5053915,Yes
5088532,Yes
5125890,Yes
5033970,Yes
5041568,Yes
5100043,Yes
5135814,Yes
5095384,Yes
5090192,Yes
5067332,Yes
5085702,Yes
5090134,Yes
5036033,Yes
5125959,Yes
5010020,Yes
5068433,Yes
5028847,Yes
5145748,Yes
5024611,No
5105700,Yes
5114149,Yes
5023923,Yes
5105292,Yes
5090903,Yes
5054745,Yes
5089566,Yes
5113533,Yes
5025069,Yes
5032294,Yes
5113337,Yes
5117944,Yes
5068499,Yes
5058441,Yes
5035655,Yes
5068311,Yes
5105758,Yes
5105900,Yes
5113028,Yes
5036504,Yes
5050844,Yes
5142090,Yes
5068705,Yes
5095305,Yes
5050650,Yes
5116081,No
5036818,No
5045896,No
5091025,No
5029259,Yes
5010594,No
5024141,Yes
5009573,Yes
5079117,Yes
5113577,No
5142563,Yes
5125248,Yes
5149390,Yes
5021883,Yes
5024782,Yes
5062240,Yes
5053174,Yes
5065597,No
5028934,Yes
5041337,Yes
5106002,Yes
5100039,Yes
5125591,No
5125395,Yes
5025969,Yes
5068297,Yes
5025791,Yes
5010876,No
5045395,Yes
5090956,Yes
5045712,Yes
5126458,Yes
5018458,No
5117107,No
5026376,Yes
5126289,Yes
5021767,Yes
5112994,Yes
5104873,No
5096924,Yes
5022981,Yes
5079039,Yes
5033768,No
5062649,Yes
5116129,Yes
5079240,Yes
5036655,Yes
5045433,Yes
5142089,No
5068466,Yes
5068751,Yes
5091027,No
5088054,Yes
5118345,Yes
5092343,Yes
5146323,Yes
5069287,Yes
5137514,Yes
5078871,Yes
5114102,Yes
5095454,Yes
5010425,Yes
5112887,Yes
5150234,Yes
5078848,Yes
5024208,Yes
5048348,Yes
5115418,Yes
5116750,Yes
5135911,Yes
5069437,Yes
5010127,Yes
5089243,Yes
5024815,No
5041863,Yes
5046027,Yes
5126529,Yes
5087550,Yes
5114407,Yes
5142618,Yes
5021887,Yes
5053201,Yes
5139678,Yes
5132304,No
5095434,Yes
5061131,Yes
5048296,Yes
5053929,Yes
5041089,Yes
5010129,Yes
5132962,Yes
5089852,Yes
5023725,Yes
5148972,Yes
5053246,Yes
5074816,Yes
5009182,Yes
5135682,Yes
5146490,Yes
5104905,Yes
5114535,Yes
5078949,Yes
5150248,No
5146028,Yes
5132579,Yes
5066814,Yes
5113916,Yes
5066973,Yes
5126358,Yes
5068748,Yes
5143011,Yes
5093248,Yes
5036939,Yes
5097169,Yes
5069320,Yes
5062124,Yes
5036914,No
5010557,Yes
5042332,Yes
5010745,Yes
5045645,No
5126786,No
5041668,Yes
5135889,Yes
5078780,Yes
5142579,Yes
5022651,Yes
5023849,Yes
5125136,Yes
5089414,Yes
5029404,Yes
5061861,Yes
5117988,Yes
5148722,Yes
5139432,Yes
5008993,Yes
5036082,Yes
5056155,Yes
5037020,Yes
5149474,Yes
5113256,Yes
5091836,Yes
5149748,Yes
5054256,Yes
5066936,Yes
5116622,Yes
5137150,No
5065663,Yes
5096571,No
5104852,Yes
5042302,Yes
5143020,Yes
5095136,No
5116550,No
5132590,Yes
5061432,No
5009427,Yes
5054003,Yes
5062619,Yes
5033443,Yes
5149659,No
5087481,Yes
5061313,Yes
5118257,Yes
5053550,Yes
5010140,No
5118234,Yes
5050630,Yes
5052770,Yes
5029382,No
5091389,Yes
5116244,Yes
5115414,Yes
5051192,Yes
5112869,Yes
5041895,Yes
5041708,Yes
5036713,Yes
5091829,No
5068816,Yes
5139914,Yes
5053077,No
5090650,No
5053035,No
5058484,Yes
5105682,Yes
5117340,Yes
5048139,Yes
5143509,Yes
5091503,Yes
5029054,Yes
5105886,Yes
5011011,Yes
5061189,Yes
5024234,Yes
5116384,Yes
5137073,Yes
5096615,Yes
5061458,No
5024984,Yes
5135854,Yes
5137377,Yes
5117666,Yes
5065626,Yes
5149068,Yes
5091508,No
5096244,No
5036687,Yes
5106004,Yes
5047900,Yes
5021628,No
5145866,Yes
5149140,Yes
5023440,Yes
5010496,Yes
5088325,Yes
5115946,Yes
5022097,No
5066502,Yes
5045381,Yes
5143003,Yes
5046399,No
5125543,Yes
5062020,Yes
5065355,Yes
5054257,Yes
5038857,No
5050894,No
5065519,Yes
5135445,Yes
5024455,No
5065592,Yes
5143589,Yes
5090927,Yes
5067637,No
5023901,Yes
5126004,Yes
5068108,Yes
5079035,No
5137208,Yes
5022658,No
5126188,Yes
5050569,Yes
5143229,No
5139489,Yes
5111166,Yes
5091125,Yes
5033954,Yes
5021388,Yes
5033556,Yes
5150487,Yes
5010906,Yes
5143006,Yes
5054141,Yes
5009037,No
5117409,Yes
5091238,Yes
5046342,Yes
5035570,No
5045618,Yes
5095280,Yes
5090368,Yes
5125686,Yes
5009293,Yes
5053192,Yes
5036253,Yes
5086015,Yes
5135388,No
5029319,No
5148449,No
5024540,Yes
5114373,Yes
5010045,Yes
5067609,Yes
5062290,Yes
5113503,Yes
5028486,Yes
5117231,Yes
5033920,Yes
5105314,Yes
5079293,Yes
5143393,Yes
5089528,Yes
5061978,Yes
5062095,Yes
5045644,Yes
5105762,Yes
5046449,Yes
5061137,Yes
5114499,No
5009262,Yes
5148768,Yes
5065755,Yes
5061562,No
5010661,Yes
5090164,Yes
5068071,No
5028697,Yes
5061084,Yes
5052806,Yes
5061911,Yes
5068863,Yes
5142876,No
5069251,Yes
5104929,No
5114175,Yes
5118364,Yes
5028617,Yes
5022270,No
5115431,Yes
5117284,Yes
5140092,No
5090630,No
5092057,Yes
5118444,Yes
5096861,Yes
5087946,Yes
5061167,Yes
5105852,Yes
5046560,Yes
5115406,Yes
5113442,No
5009939,Yes
5058249,Yes
5143295,No
5066692,Yes
5148909,Yes
5068016,Yes
5021876,Yes
5009685,Yes
5148704,Yes
5021612,No
5091717,Yes
5024323,No
5142818,Yes
5010421,Yes
5086034,Yes
5126686,Yes
5092408,Yes
5069116,No
5096781,No
5091718,Yes
5126204,Yes
5126184,No
5118147,Yes
5061691,Yes
5115890,Yes
5132901,Yes
5125184,Yes
5067377,Yes
5115711,Yes
5028747,Yes
5048529,Yes
5046401,No
5023544,Yes
5036959,Yes
5022382,Yes
5089156,Yes
5048396,Yes
5132963,Yes
5148660,Yes
5135272,No
5146325,No
5028263,Yes
5026621,Yes
5143502,Yes
5086062,Yes
5148834,Yes
5048574,Yes
5044640,Yes
5065571,Yes
5116531,No
5045867,Yes
5069119,No
5099938,Yes
5113318,Yes
5044929,Yes
5022623,Yes
5066802,Yes
5009400,Yes
5115429,Yes
5023377,No
5090729,Yes
5046510,Yes
5058251,Yes
5062110,Yes
5010583,Yes
5117728,Yes
5029157,Yes
5116364,Yes
5125170,Yes
5096878,Yes
5037193,Yes
5091436,Yes
5126750,Yes
5041928,Yes
5038813,Yes
5132259,Yes
5036534,Yes
5067891,Yes
5062601,Yes
5054119,Yes
5089197,Yes
5137194,Yes
5114047,Yes
5111190,Yes
5137108,No
5024629,Yes
5125277,Yes
5125810,Yes
5125637,Yes
5046426,No
5125674,Yes
5090704,Yes
5058319,Yes
5116175,No
5105007,Yes
5061670,No
5046104,No
5149111,Yes
5115616,No
5132395,Yes
5096135,Yes
5137288,Yes
5112851,No
5113926,Yes
5149820,Yes
5105380,Yes
5024130,Yes
5068531,Yes
5033598,Yes
5036996,No
5088887,Yes
5112897,Yes
5116700,Yes
5023288,Yes
5035526,No
5068756,Yes
5139923,Yes
5024971,Yes
5142842,Yes
5113855,Yes
5018467,Yes
5139674,Yes
5118219,Yes
5090913,No
5069039,Yes
5050596,Yes
5090733,Yes
5046393,No
5132975,Yes
5126154,Yes
5067101,Yes
5066676,Yes
5149799,Yes
5104906,Yes
5029521,Yes
5105353,Yes
5062617,Yes
5058326,No
5010398,Yes
5052634,Yes
5067470,Yes
5042114,Yes
5126510,Yes
5022058,Yes
5068126,Yes
5010188,Yes
5023781,Yes
5096470,Yes
5033605,Yes
5021719,Yes
5062748,Yes
5116116,Yes
5146235,Yes
5115762,Yes
5053108,No
5143549,Yes
5090451,Yes
5022154,Yes
5065539,Yes
5118452,Yes
5149827,Yes
5045639,Yes
5092468,Yes
5023301,Yes
5008903,Yes
5118309,Yes
5066867,Yes
5117816,No
5113269,Yes
5029313,Yes
5046327,Yes
5115443,No
5024877,Yes
5116988,Yes
5022411,No
5074591,Yes
5100167,Yes
5023043,Yes
5048320,Yes
5047848,Yes
5113925,Yes
5069229,Yes
5044926,Yes
5105914,Yes
5068406,Yes
5148774,Yes
5104944,Yes
5135819,Yes
5009141,Yes
5143581,Yes
5029318,No
5146233,Yes
5078937,Yes
5091635,Yes
5048547,Yes
5053295,No
5095472,Yes
5041839,Yes
5067788,Yes
5029388,Yes
5053155,Yes
5034009,Yes
5116231,Yes
5061843,Yes
5115936,Yes
5050666,Yes
5029214,Yes
5126361,Yes
5095106,Yes
5148926,Yes
5112730,Yes
5042285,Yes
5096831,Yes
5022813,Yes
5096242,Yes
5137191,Yes
5117317,Yes
5117853,Yes
5021907,Yes
5061294,No
5050681,Yes
5150182,No
5096095,Yes
5114455,Yes
5100298,Yes
5137491,Yes
5009583,Yes
5053176,No
5105233,No
5079164,Yes
5126650,Yes
5142662,Yes
5132784,Yes
5046315,Yes
5091098,No
5023549,Yes
5132831,Yes
5009105,Yes
5148853,Yes
5142240,Yes
5054414,Yes
5048068,Yes
5142691,Yes
5021238,No
5062640,Yes
5085628,Yes
5097184,Yes
5116090,Yes
5092399,No
5024457,No
5089877,No
5021682,Yes
5091435,Yes
5115454,Yes
5061344,Yes
5066419,Yes
5062332,Yes
5024261,Yes
5149051,Yes
5022853,Yes
5052970,Yes
5113421,Yes
5061393,No
5010344,Yes
5026494,Yes
5025143,Yes
5150044,Yes
5126007,Yes
5033585,Yes
5009730,Yes
5089678,Yes
5143435,No
5046031,Yes
5148871,Yes
5023246,Yes
5100098,Yes
5087616,Yes
5022000,Yes
5142938,Yes
5061678,Yes
5066666,Yes
5117883,Yes
5079016,Yes
5148890,Yes
5149566,Yes
5090130,Yes
5146106,Yes
5033653,Yes
5037142,Yes
5056092,Yes
5114506,Yes
5089709,Yes
5105483,Yes
5114597,Yes
5118356,Yes
5089368,No
5009849,Yes
5067548,No
5132296,No
5092302,No
5023614,Yes
5115887,No
5054519,Yes
5028477,No
5029652,Yes
5010551,Yes
5139465,No
5009761,Yes
5046070,Yes
5095471,Yes
5137233,Yes
5010657,Yes
5067055,Yes
5022012,Yes
5048246,Yes
5105090,Yes
5068889,Yes
5068505,Yes
5092416,Yes
5068551,No
5010964,Yes
5091415,Yes
5036673,Yes
5092024,Yes
5142491,Yes
5115436,Yes
5025102,Yes
5053972,Yes
5065315,Yes
5065536,Yes
5089190,Yes
5010297,Yes
5137061,Yes
5113567,Yes
5009058,Yes
5029300,Yes
5112615,Yes
5116055,Yes
5142469,Yes
5023169,Yes
5024094,Yes
5061755,Yes
5061276,Yes
5023326,Yes
5117257,Yes
5105110,Yes
5062210,Yes
5117189,Yes
5010001,Yes
5026654,Yes
5022019,Yes
5115419,Yes
5041640,Yes
5115741,Yes
5139581,Yes
5137426,Yes
5091607,Yes
5023684,Yes
5089388,Yes
5113235,Yes
5024450,Yes
5041483,Yes
5149501,Yes
5132904,Yes
5137026,Yes
5143467,No
5113214,Yes
5061877,Yes
5066603,No
5061094,Yes
5145804,Yes
5125216,Yes
5054446,No
5061273,Yes
5041136,Yes
5023116,Yes
5067379,Yes
5142745,Yes
5079261,Yes
5149828,Yes
5085727,Yes
5099706,Yes
5139749,Yes
5137186,Yes
5054295,Yes
5045361,Yes
5061301,Yes
5062001,Yes
5035852,Yes
5028362,No
5125311,Yes
5089443,Yes
5096479,Yes
5091777,Yes
5021419,Yes
5095712,No
5150185,No
5029335,Yes
5061810,Yes
5115687,Yes
5135617,Yes
5067194,Yes
5146599,Yes
5041954,No
5089394,Yes
5089591,Yes
5114217,Yes
5096847,No
5091804,No
5090485,Yes
5041761,Yes
5100105,Yes
5139806,Yes
5010564,Yes
5029501,Yes
5126151,Yes
5105334,Yes
5021761,Yes
5062303,Yes
5066941,No
5148955,Yes
5117262,No
5150393,Yes
5116710,No
5062540,Yes
5139486,Yes
5085835,Yes
5091041,Yes
5140179,Yes
5135528,Yes
5022237,Yes
5096884,Yes
5023490,Yes
5089464,Yes
5091193,Yes
5115624,Yes
5126678,Yes
5114313,Yes
5033781,No
5053268,Yes
5048137,Yes
5096152,No
5116447,Yes
5117258,No
5113785,Yes
5111068,Yes
5115912,Yes
5089686,No
5146552,Yes
5115526,Yes
5022687,Yes
5068808,Yes
5068017,Yes
5053492,Yes
5028251,Yes
5095120,Yes
5023612,Yes
5029015,Yes
5090460,Yes
5024916,No
5132745,No
5069363,No
5054636,Yes
5023556,Yes
5061973,Yes
5021710,Yes
5065398,Yes
5022567,Yes
5062120,Yes
5022250,Yes
5065811,Yes
5038750,Yes
5089869,No
5097155,Yes
5068634,Yes
5022446,Yes
5045346,Yes
5061519,Yes
5148543,No
5054070,Yes
5116243,Yes
5025009,Yes
5050509,Yes
5100075,No
5105183,Yes
5096462,Yes
5116947,Yes
5146040,Yes
5046422,No
5066378,Yes
5088195,Yes
5009346,Yes
5035860,Yes
5078940,Yes
5091873,Yes
5112689,No
5067256,No
5009050,Yes
5149364,No
5145912,Yes
5041857,Yes
5149409,Yes
5142370,Yes
5066697,Yes
5105190,Yes
5145863,Yes
5024393,Yes
5021665,Yes
5105606,Yes
5021989,Yes
5142853,Yes
5046245,No
5029389,Yes
5104928,No
5089589,Yes
5149095,Yes
5042014,Yes
5010486,No
5048386,Yes
5143570,Yes
5106073,Yes
5045688,Yes
5024741,Yes
5041298,Yes
5045253,Yes
5113968,Yes
5112802,Yes
5022114,Yes
5117005,Yes
5113174,Yes
5132958,Yes
5117099,No
5150048,Yes
5029230,Yes
5044607,Yes
5021196,Yes
5113313,Yes
5139468,Yes
5105791,Yes
5045918,No
5125328,Yes
5111065,Yes
5146353,Yes
5051088,Yes
5065758,Yes
5118115,Yes
5089507,Yes
5126218,Yes
5044667,No
5061332,Yes
5088813,Yes
5078854,No
5116548,Yes
5021705,Yes
5143318,Yes
5054521,Yes
5113163,Yes
5023084,Yes
5024428,No
5105218,Yes
5024785,No
5023915,Yes
5090014,Yes
5009033,No
5054145,Yes
5021301,Yes
5035960,Yes
5099897,Yes
5022422,Yes
5067215,Yes
5090719,Yes
5009729,Yes
5035423,Yes
5116226,No
5099968,Yes
5116176,No
5090653,Yes
5100040,Yes
5053750,Yes
5062374,Yes
5090520,Yes
5044963,No
5022848,Yes
5090598,Yes
5062160,Yes
5028956,No
5009592,Yes
5021624,Yes
5085770,Yes
5116814,Yes
5149574,Yes
5024067,Yes
5106058,Yes
5041506,Yes
5091011,No
5010797,Yes
5105091,Yes
5100367,Yes
5029518,Yes
5061984,Yes
5044593,Yes
5045558,Yes
5114140,No
5091791,Yes
5021513,Yes
5114314,Yes
5069415,Yes
5029628,No
5091411,Yes
5095023,Yes
5029111,Yes
5149854,Yes
5067940,Yes
5118212,Yes
5106098,Yes
5009370,No
5090528,Yes
5091037,Yes
5028692,Yes
5068220,Yes
5105499,Yes
5091484,Yes
5023595,Yes
5089601,Yes
5009546,Yes
5058342,Yes
5021680,Yes
5137397,Yes
5029749,Yes
5045541,Yes
5053468,Yes
5053045,Yes
5065767,Yes
5038700,Yes
5087609,Yes
5024220,Yes
5089384,Yes
5041485,Yes
5125559,Yes
5021990,Yes
5021709,Yes
5045694,Yes
5091857,Yes
5037043,Yes
5046064,No
5105981,Yes
5117314,Yes
5095590,Yes
5135825,Yes
5053723,Yes
5092296,No
5091662,Yes
5054357,Yes
5149331,Yes
5024579,Yes
5010904,Yes
5106057,Yes
5148848,Yes
5095358,Yes
5021595,Yes
5061987,Yes
5029258,Yes
5104943,Yes
5061462,No
5050744,No
5047877,Yes
5053360,Yes
5125443,Yes
5137087,Yes
5137328,Yes
5054634,Yes
5047677,Yes
5088721,No
5091362,No
5009518,Yes
5051013,Yes
5091089,Yes
5050564,Yes
5149890,Yes
5065832,No
5117622,Yes
5041934,Yes
5091236,Yes
5095312,Yes
5105420,Yes
5024060,Yes
5029379,No
5089487,Yes
5010617,Yes
5099827,No
5038907,Yes
5024742,Yes
5033900,No
5053730,Yes
5046425,No
5117274,Yes
5033633,No
5090365,Yes
5132977,Yes
5068813,Yes
5033564,No
5033561,No
5116396,Yes
5010530,Yes
5025755,Yes
5067804,Yes
5037000,Yes
5089416,Yes
5126623,Yes
5068203,Yes
5148824,No
5106080,Yes
5150146,Yes
5125720,Yes
5114088,Yes
5037065,Yes
5105020,Yes
5065510,Yes
5036966,No
5146204,Yes
5068897,Yes
5024814,No
5046353,Yes
5137289,Yes
5116663,Yes
5142261,Yes
5091184,Yes
5116647,Yes
5125983,Yes
5125910,Yes
5054578,Yes
5052604,Yes
5091282,Yes
5041699,Yes
5148998,Yes
5142831,Yes
5010294,Yes
5054613,No
5050916,Yes
5112813,Yes
5114438,Yes
5028654,Yes
5142166,Yes
5036257,Yes
5137457,No
5094916,Yes
5135616,Yes
5125737,Yes
5036631,Yes
5143380,Yes
5090879,Yes
5037158,No
5038783,Yes
5029296,No
5104910,Yes
5025681,Yes
5095040,Yes
5067160,Yes
5089798,Yes
5033501,Yes
5113606,Yes
5023841,Yes
5150026,Yes
5091759,Yes
5022994,No
5035425,Yes
5046429,No
5050794,Yes
5068582,Yes
5118026,Yes
5053724,Yes
5048050,Yes
5061194,Yes
5135912,Yes
5149249,Yes
5024146,Yes
5112926,Yes
5067020,Yes
5046271,Yes
5095638,Yes
5115948,Yes
5143252,No
5045926,No
5125798,Yes
5143515,Yes
5056151,Yes
5045690,Yes
5142829,Yes
5100046,Yes
5094898,Yes
5089317,Yes
5126457,Yes
5068491,Yes
5091253,Yes
5094954,No
5096994,Yes
5010458,Yes
5100079,No
5142768,Yes
5148913,Yes
5142300,Yes
5116460,No
5112606,Yes
5090201,Yes
5088042,Yes
5089261,Yes
5085871,Yes
5024537,Yes
5137209,Yes
5100265,Yes
5062692,Yes
5091919,Yes
5068415,Yes
5150473,Yes
5068948,Yes
5089914,No
5132576,Yes
5078895,Yes
5143144,Yes
5048323,Yes
5090769,Yes
5065567,Yes
5026455,Yes
5053583,Yes
5056036,Yes
5087484,Yes
5061119,Yes
5087815,Yes
5023759,No
5028616,Yes
5142097,Yes
5052646,Yes
5021706,Yes
5068105,Yes
5149419,Yes
5095858,Yes
5139702,Yes
5105259,Yes
5053755,Yes
5125336,Yes
5037220,No
5145998,No
5010430,Yes
5041929,Yes
5089045,Yes
5125710,Yes
5061982,Yes
5113974,Yes
5046011,Yes
5085630,Yes
5091916,Yes
5143060,Yes
5066425,Yes
5052720,Yes
5105537,Yes
5023280,Yes
5033976,Yes
5135793,Yes
5022599,Yes
5118533,Yes
5117588,Yes
5028878,Yes
5142619,Yes
5113899,Yes
5090082,Yes
5046484,Yes
5023045,Yes
5029516,Yes
5091445,Yes
5148681,Yes
5010363,Yes
5146084,Yes
5045136,Yes
5021881,Yes
5022238,Yes
5009690,Yes
5139608,Yes
5062219,Yes
5061065,Yes
5062227,Yes
5089056,Yes
5117255,Yes
5067184,Yes
5047654,Yes
5026418,Yes
5090691,Yes
5149969,Yes
5024600,No
5137293,Yes
5024770,Yes
5069071,Yes
5069473,Yes
5089072,Yes
5024033,Yes
5145783,Yes
5009270,Yes
5088602,No
5126835,Yes
5010432,Yes
5054707,Yes
5137408,Yes
5087972,Yes
5118531,Yes
5068222,Yes
5142912,Yes
5143425,Yes
5137151,No
5044588,Yes
5048208,Yes
5037088,No
5074709,Yes
5113993,Yes
5132674,Yes
5010117,Yes
5114395,Yes
5047691,Yes
5026273,Yes
5100073,Yes
5104908,Yes
5068780,Yes
5114347,Yes
5021349,Yes
5053957,Yes
5148872,Yes
5093211,No
5136918,Yes
5099868,Yes
5053436,No
5068599,Yes
5114310,Yes
5022516,No
5046141,Yes
5135508,Yes
5045355,No
5149596,Yes
5116414,Yes
5010280,Yes
5009227,Yes
5117470,Yes
5024952,Yes
5146533,Yes
5052879,No
5091855,Yes
5096164,Yes
5008956,Yes
5146116,Yes
5105109,Yes
5061821,Yes
5024485,Yes
5126743,Yes
5146462,Yes
5078996,Yes
5089842,No
5053247,Yes
5135758,Yes
5116299,Yes
5048207,Yes
5143326,Yes
5114411,Yes
5115926,Yes
5053887,Yes
5090281,Yes
5091955,Yes
5116082,No
5033495,Yes
5050513,Yes
5026086,Yes
5090316,Yes
5118227,Yes
5117536,Yes
5088280,Yes
5010414,Yes
5041070,No
5025972,Yes
5010793,Yes
5068213,Yes
5011044,No
5090847,Yes
5135406,Yes
5090506,Yes
5033566,Yes
5042327,Yes
5024781,Yes
5028484,Yes
5067451,No
5068809,Yes
5113164,Yes
5023573,No
5116295,Yes
5091562,Yes
5096566,Yes
5095074,No
5047696,Yes
5018481,No
5089834,No
5106087,Yes
5092154,No
5036610,Yes
5114465,Yes
5045015,Yes
5068207,Yes
5105901,Yes
5118650,No
5033647,Yes
5068854,Yes
5010974,Yes
5074685,Yes
5008936,Yes
5089564,Yes
5149810,Yes
5078870,Yes
5150081,Yes
5053822,Yes
5148845,Yes
5142262,Yes
5056194,No
5052920,Yes
5022547,Yes
5142624,Yes
5105616,Yes
5021491,Yes
5068590,Yes
5069438,Yes
5115631,Yes
5041610,Yes
5010314,Yes
5096380,Yes
5010886,No
5045069,Yes
5146015,No
5045935,Yes
5009447,Yes
5028911,Yes
5024911,Yes
5136914,Yes
5099760,Yes
5047992,Yes
5095058,No
5067355,Yes
5125291,Yes
5116917,Yes
5058527,No
5033706,Yes
5143580,Yes
5010164,Yes
5087824,Yes
5111100,Yes
5010407,No
5068026,Yes
5035924,Yes
5146144,Yes
5100439,Yes
5033753,Yes
5054271,Yes
5069271,No
5139310,Yes
5142612,Yes
5105507,Yes
5022507,Yes
5150479,Yes
5100307,Yes
5023295,Yes
5099979,Yes
5021254,Yes
5142959,Yes
5023365,Yes
5125345,Yes
5117596,Yes
5142561,Yes
5041333,Yes
5009611,Yes
5074818,Yes
5024591,Yes
5099907,Yes
5045768,Yes
5143124,Yes
5142767,Yes
5062539,Yes
5022762,Yes
5149118,Yes
5142463,Yes
5042190,Yes
5117844,No
5065704,No
5114220,Yes
5116466,No
5149416,Yes
5023359,Yes
5118416,Yes
5095311,Yes
5021542,Yes
5052823,Yes
5061245,Yes
5069049,No
5045876,Yes
5009092,Yes
5116181,No
5036501,Yes
5145777,Yes
5067946,Yes
5093307,Yes
5067628,Yes
5125665,Yes
5105453,Yes
5088053,Yes
5038795,No
5135899,Yes
5028757,Yes
5113255,Yes
5114376,Yes
5116930,No
5048023,Yes
5033574,Yes
5150483,Yes
5068151,No
5111092,Yes
5061723,Yes
5091331,Yes
5042149,Yes
5149711,Yes
5024212,Yes
5132742,No
5078788,Yes
5126036,Yes
5114523,Yes
5088301,Yes
5143325,Yes
5036967,Yes
5095153,Yes
5105784,Yes
5010075,Yes
5066673,Yes
5145785,Yes
5096666,No
5050965,Yes
5125254,Yes
5023628,Yes
5045636,Yes
5035540,Yes
5118497,Yes
5117806,Yes
5035418,Yes
5126426,Yes
5099931,Yes
5095452,Yes
5021715,Yes
5028286,Yes
5054166,Yes
5132765,Yes
5088881,Yes
5105611,Yes
5067597,Yes
5106153,Yes
5145882,No
5054475,Yes
5117886,Yes
5115425,Yes
5033656,Yes
5066777,Yes
5089514,Yes
5089752,Yes
5125612,Yes
5061593,Yes
5066364,Yes
5021466,Yes
5089726,Yes
5096107,Yes
5125594,Yes
5010011,Yes
5066436,No
5096111,Yes
5091906,No
5095611,Yes
5066733,No
5091952,Yes
5010877,No
5114316,Yes
5023309,Yes
5116402,Yes
5036756,Yes
5089742,Yes
5056057,Yes
5091838,Yes
5061145,No
5025819,No
5136929,Yes
5036593,Yes
5095723,Yes
5066432,Yes
5106137,Yes
5044569,Yes
5036320,Yes
5046105,Yes
5097096,Yes
5150353,Yes
5116001,Yes
5078948,Yes
5089587,Yes
5036955,Yes
5033836,Yes
5047769,Yes
5089744,Yes
5115906,Yes
5150484,Yes
5028908,Yes
5051235,Yes
5136880,Yes
5010697,Yes
5069311,Yes
5010366,Yes
5117761,Yes
5010747,Yes
5125605,Yes
5029684,Yes
5067005,Yes
5149527,No
5074805,Yes
5105938,Yes
5066749,No
5142471,Yes
5029727,Yes
5021213,Yes
5010217,Yes
5054092,Yes
5118005,Yes
5113400,Yes
5036730,No
5029485,Yes
5114031,Yes
5044859,No
5118462,Yes
5105691,Yes
5132833,Yes
5042081,Yes
5021192,Yes
5115815,Yes
5112919,Yes
5058510,No
5096865,Yes
5024870,Yes
5113748,Yes
5068238,Yes
5067301,Yes
5146193,Yes
5114541,Yes
5150230,Yes
5116699,Yes
5149481,Yes
5028917,Yes
5143555,Yes
5126292,Yes
5062144,Yes
5115728,Yes
5145806,No
5062491,Yes
5046540,Yes
5137474,Yes
5037207,Yes
5052889,Yes
5091899,Yes
5053446,Yes
5054343,Yes
5115541,Yes
5132581,Yes
5117421,Yes
5024794,No
5104974,Yes
5048604,Yes
5135798,Yes
5050727,Yes
5050796,Yes
5116708,No
5095927,No
5142826,Yes
5148669,Yes
5142273,Yes
5091646,Yes
5046538,Yes
5087864,No
5054222,Yes
5028707,Yes
5026722,Yes
5116509,Yes
5113309,Yes
5036446,Yes
5135775,Yes
5117069,Yes
5090680,Yes
5096451,Yes
5054206,Yes
5105804,Yes
5117528,Yes
5079077,Yes
5142283,Yes
5105480,Yes
5010062,Yes
5125227,Yes
5061916,No
5114157,Yes
5021723,Yes
5089154,Yes
5116444,Yes
5054633,Yes
5092080,Yes
5095676,Yes
5068202,Yes
5150073,Yes
5089529,Yes
5032288,Yes
5009425,Yes
5068480,Yes
5091563,Yes
5061072,Yes
5046340,Yes
5010443,No
5010494,Yes
5126345,Yes
5113088,Yes
5023731,Yes
5089516,Yes
5035999,Yes
5065403,Yes
5035958,Yes
5050739,Yes
5067903,No
5061293,No
5046084,Yes
5135544,Yes
5022770,Yes
5090600,Yes
5125978,Yes
5078814,Yes
5061415,Yes
5029461,Yes
5041401,Yes
5022923,Yes
5096079,Yes
5024369,Yes
5148524,Yes
5105880,Yes
5065392,Yes
5069327,Yes
5099860,Yes
5143239,Yes
5090221,Yes
5048592,Yes
5091414,Yes
5069063,Yes
5116957,Yes
5113694,Yes
5135954,Yes
5149012,Yes
5117874,Yes
5088892,Yes
5046495,No
5137498,Yes
5026642,Yes
5035858,Yes
5096319,Yes
5116380,Yes
5021338,Yes
5143533,Yes
5010112,No
5029471,No
5137535,Yes
5052725,Yes
5023774,Yes
5044957,No
5045779,Yes
5041407,No
5118557,Yes
5113961,Yes
5028990,Yes
5062084,Yes
5104948,Yes
5092001,No
5053184,Yes
5028294,Yes
5061568,No
5061349,No
5024734,Yes
5090948,No
5050743,No
5052637,Yes
5023755,No
5136952,Yes
5092287,No
5115533,No
5139609,Yes
5113104,Yes
5146257,No
5053979,Yes
5045366,Yes
5099805,Yes
5111171,Yes
5035431,Yes
5148759,Yes
5118084,Yes
5089504,Yes
5132528,Yes
5143605,Yes
5126483,Yes
5033532,Yes
5010192,No
5089768,Yes
5041915,Yes
5021551,Yes
5115910,Yes
5010116,No
5018495,Yes
5036639,Yes
5146126,Yes
5146044,Yes
5095874,Yes
5028877,Yes
5045364,Yes
5149452,Yes
5143316,Yes
5089813,Yes
5010174,Yes
5036402,Yes
5033479,Yes
5091767,Yes
5010298,Yes
5022809,Yes
5078828,Yes
5011037,No
5033569,Yes
5058358,Yes
5029352,Yes
5116323,Yes
5046521,Yes
5142814,Yes
5067147,Yes
5115642,Yes
5125878,Yes
5037052,Yes
5035509,Yes
5022510,Yes
5021696,Yes
5026012,Yes
5091278,Yes
5041481,Yes
5146123,No
5117544,Yes
5105381,Yes
5074710,Yes
5062584,Yes
5036093,Yes
5041500,No
5061235,Yes
5045997,Yes
5038627,Yes
5036174,No
5061601,Yes
5054122,Yes
5022559,Yes
5041429,Yes
5021518,Yes
5021494,Yes
5023483,Yes
5054691,Yes
5067881,Yes
5033993,No
5046360,Yes
5066562,Yes
5115860,Yes
5025168,Yes
5009445,Yes
5042243,Yes
5117222,Yes
5118208,Yes
5036067,Yes
5142626,Yes
5090008,Yes
5022350,Yes
5068336,Yes
5047956,Yes
5028731,Yes
5045267,No
5052717,Yes
5061088,Yes
5118344,Yes
5125717,Yes
5022248,Yes
5062613,Yes
5105920,Yes
5132292,Yes
5061250,Yes
5050561,Yes
5096317,Yes
5033916,Yes
5066907,Yes
5143099,Yes
5053562,Yes
5051108,Yes
5096255,Yes
5009360,Yes
5045769,Yes
5137462,Yes
5023389,Yes
5061314,Yes
5034007,Yes
5067078,Yes
5089370,No
5022545,Yes
5089728,Yes
5090019,Yes
5061303,Yes
5117523,Yes
5100433,Yes
5022387,No
5036949,Yes
5125787,Yes
5052723,Yes
5042063,Yes
5113339,Yes
5115650,No
5105989,Yes
5150164,Yes
5021763,Yes
5028746,Yes
5142385,Yes
5023700,Yes
5053818,Yes
5053652,Yes
5087743,No
5010224,Yes
5095171,Yes
5061743,No
5114263,Yes
5052669,Yes
5089382,Yes
5113420,Yes
5095635,Yes
5066478,Yes
5056025,Yes
5028449,No
5009632,Yes
5143313,Yes
5140180,Yes
5028659,Yes
5010556,Yes
5058415,Yes
5042145,Yes
5150147,Yes
5149742,Yes
5092409,Yes
5010553,Yes
5025151,No
5041677,Yes
5116944,Yes
5139759,Yes
5022536,Yes
5023264,Yes
5010928,Yes
5021765,Yes
5142564,Yes
5142297,Yes
5029453,Yes
5062522,Yes
5106159,Yes
5078904,Yes
5078815,Yes
5139412,Yes
5053397,Yes
5149197,Yes
5118428,Yes
5033664,Yes
5053412,No
5079236,Yes
5143632,Yes
5046332,No
5061520,Yes
5062159,Yes
5136981,Yes
5105265,Yes
5050973,Yes
5009561,Yes
5149425,Yes
5095390,Yes
5069239,No
5053932,Yes
5045684,Yes
5032280,Yes
5089579,Yes
5068534,Yes
5095924,No
5035981,Yes
5042245,Yes
5096112,Yes
5079071,Yes
5065753,No
5029361,Yes
5022428,Yes
5061335,Yes
5061682,Yes
5105754,Yes
5105801,Yes
5145747,Yes
5022163,Yes
5099984,Yes
5045910,Yes
5116366,Yes
5053799,Yes
5050836,Yes
5090951,Yes
5116796,Yes
5018440,Yes
5053810,No
5023967,No
5024231,No
5142909,Yes
5117922,Yes
5114024,Yes
5062111,Yes
5067304,No
5021229,Yes
5045042,Yes
5114284,Yes
5028702,Yes
5023622,Yes
5067521,Yes
5149444,Yes
5024988,Yes
5091689,Yes
5089053,Yes
5042095,Yes
5125154,Yes
5095236,Yes
5091440,Yes
5068347,Yes
5099884,Yes
5044959,No
5117926,Yes
5126403,Yes
5046498,Yes
5142807,No
5069416,Yes
5113587,Yes
5088206,Yes
5061434,Yes
5068250,Yes
5142134,Yes
5042115,Yes
5096142,Yes
5028749,Yes
5126081,Yes
5029764,Yes
5010574,Yes
5104946,Yes
5149493,Yes
5010463,Yes
5048630,Yes
5008909,Yes
5118649,No
5025177,Yes
5061517,Yes
5116555,Yes
5061999,Yes
5079171,No
5096218,Yes
5066651,Yes
5054497,Yes
5092276,Yes
5113399,Yes
5028543,No
5061758,Yes
5054014,Yes
5117115,Yes
5096962,Yes
5116026,No
5028455,Yes
5135532,Yes
5112967,No
5148491,Yes
5052714,Yes
5045515,Yes
5089226,Yes
5146393,Yes
5061661,Yes
5148664,Yes
5010590,Yes
5150116,Yes
5038621,Yes
5091304,Yes
5088167,No
5058469,Yes
5050729,Yes
5090239,Yes
5091812,Yes
5058270,Yes
5008866,Yes
5036596,Yes
5010210,Yes
5095426,Yes
5135513,Yes
5051208,Yes
5091513,Yes
5088835,Yes
5010026,Yes
5142861,Yes
5135489,Yes
5024066,Yes
5105346,No
5114311,Yes
5117947,Yes
5041810,Yes
5045605,Yes
5148608,Yes
5090302,Yes
5135861,Yes
5051004,Yes
5142949,Yes
5050730,Yes
5089070,Yes
5058436,Yes
5010370,Yes
5145798,Yes
5029587,Yes
5029005,Yes
5023354,Yes
5117352,Yes
5022222,No
5105515,Yes
5052696,No
5024876,No
5096795,Yes
5068515,Yes
5088664,Yes
5099973,Yes
5105211,Yes
5143602,Yes
5066962,Yes
5135413,No
5091544,Yes
5068711,Yes
5025829,No
5097060,Yes
5095724,Yes
5125537,Yes
5095061,No
5117537,Yes
5022529,No
5022610,Yes
5149643,No
5044511,Yes
5023441,Yes
5091035,Yes
5050629,Yes
5042325,Yes
5114280,No
5139997,No
5143057,Yes
5117787,Yes
5053071,Yes
5111205,Yes
5114445,Yes
5045155,Yes
5090010,Yes
5132788,Yes
5116907,No
5100406,Yes
5149392,Yes
5065820,Yes
5067428,Yes
5091572,No
5054384,Yes
5046181,Yes
5143423,Yes
5029778,Yes
5068650,Yes
5028531,Yes
5125581,Yes
5033499,Yes
5067966,Yes
5117079,Yes
5065542,Yes
5009759,Yes
5125811,Yes
5052732,Yes
5028453,No
5026614,Yes
5091005,Yes
5022052,Yes
5142159,Yes
5065594,Yes
5143022,Yes
5053220,Yes
5051044,Yes
5116577,Yes
5066918,Yes
5116145,Yes
5142557,Yes
5069284,Yes
5105916,Yes
5018420,Yes
5146025,Yes
5146539,Yes
5033935,No
5046249,No
5135270,No
5150058,Yes
5090890,No
5126636,No
5125863,Yes
5114356,Yes
5114334,Yes
5045397,Yes
5125414,Yes
5009845,Yes
5116992,Yes
5062502,Yes
5061147,No
5091342,Yes
5090836,No
5066367,Yes
5113634,Yes
5022732,No
5089189,Yes
5023004,Yes
5069467,Yes
5105419,Yes
5079235,Yes
5022712,Yes
5048448,No
5023449,Yes
5036711,Yes
5062409,No
5142507,Yes
5010241,Yes
5041473,Yes
5021296,Yes
5125176,Yes
5088297,Yes
5066942,No
5116473,No
5114163,Yes
5116884,Yes
5009739,Yes
5061892,Yes
5091259,Yes
5054091,Yes
5115694,Yes
5067557,Yes
5022635,Yes
5045723,Yes
5009441,Yes
5113998,Yes
5065711,Yes
5041461,Yes
5053770,Yes
5052805,Yes
5052909,Yes
5085708,Yes
5029393,Yes
5009558,Yes
5149079,Yes
5009908,Yes
5090400,Yes
5069235,Yes
5009213,Yes
5065657,Yes
5125561,Yes
5090397,No
5097088,Yes
5118061,No
5113837,Yes
5078844,Yes
5145766,Yes
5136940,Yes
5053416,No
5068770,Yes
5029262,Yes
5095274,Yes
5150338,No
5114345,Yes
5042306,Yes
5135959,Yes
5139574,Yes
5117423,Yes
5094878,Yes
5126346,Yes
5066684,Yes
5096673,Yes
5045601,Yes
5096156,No
5090797,No
5045711,Yes
5053396,Yes
5116442,Yes
5029620,Yes
5023447,Yes
5008947,Yes
5125405,Yes
5023075,Yes
5033716,Yes
5069364,No
5142608,No
5009746,No
5148590,Yes
5142259,Yes
5028567,Yes
5022217,Yes
5041482,Yes
5062155,Yes
5148600,Yes
5117000,Yes
5022847,Yes
5135485,Yes
5069266,Yes
5116121,Yes
5061187,Yes
5054252,Yes
5022354,Yes
5116599,Yes
5105296,Yes
5045976,Yes
5046358,Yes
5029129,Yes
5010689,Yes
5042079,Yes
5068315,Yes
5062161,Yes
5022504,Yes
5036243,No
5100164,Yes
5118534,Yes
5028460,Yes
5045164,Yes
5028308,Yes
5068735,Yes
5066509,Yes
5068044,Yes
5010806,Yes
5067060,Yes
5089163,Yes
5023683,Yes
5149585,Yes
5125172,Yes
5011041,No
5148867,No
5061658,Yes
5036958,Yes
5048045,Yes
5125687,Yes
5115432,Yes
5010473,Yes
5047836,Yes
5118574,Yes
5125197,Yes
5113385,Yes
5044620,Yes
5026190,Yes
5066644,Yes
5091840,Yes
5091943,Yes
5118584,Yes
5069512,Yes
5026609,Yes
5024800,Yes
5143075,Yes
5139913,Yes
5009381,Yes
5088311,Yes
5088571,No
5024397,Yes
5118589,Yes
5112691,No
5061156,Yes
5065640,Yes
5091598,Yes
5091621,Yes
5009667,Yes
5029089,Yes
5149823,Yes
5066999,Yes
5096990,Yes
5114372,Yes
5035946,Yes
5024826,Yes
5068232,Yes
5091963,Yes
5069267,Yes
5140063,Yes
5068394,Yes
5068752,Yes
5025101,Yes
5125806,Yes
5021397,Yes
5053711,Yes
5132589,Yes
5036995,Yes
5114366,Yes
5058454,Yes
5096702,No
5143535,Yes
5148736,Yes
5062645,Yes
5118259,Yes
5038881,Yes
5062068,Yes
5079170,Yes
5065658,Yes
5149996,Yes
5061070,Yes
5092393,Yes
5036102,Yes
5023579,No
5079055,Yes
5061620,Yes
5011003,Yes
5114621,No
5067885,Yes
5149114,Yes
5139470,Yes
5125531,Yes
5046161,No
5046052,Yes
5139467,Yes
5021568,Yes
5092315,Yes
5066720,Yes
5117464,Yes
5038554,Yes
5114043,Yes
5028551,Yes
5114211,Yes
5033543,No
5009897,Yes
5009399,Yes
5097007,Yes
5054687,Yes
5022690,Yes
5114129,Yes
5021721,Yes
5113840,Yes
5048300,Yes
5052969,Yes
5145983,Yes
5024676,Yes
5028515,Yes
5096697,No
5118464,Yes
5009791,Yes
5090111,Yes
5056139,Yes
5029458,Yes
5090103,Yes
5022568,Yes
5117097,No
5067461,Yes
5148812,No
5028844,Yes
5010249,Yes
5112947,Yes
5146085,Yes
5054094,Yes
5021559,Yes
5041786,Yes
5067696,Yes
5111158,Yes
5046036,No
5036086,Yes
5100203,Yes
5025060,Yes
5135926,No
5113066,Yes
5091356,No
5022240,Yes
5047814,Yes
5079081,Yes
5149403,Yes
5068903,Yes
5146095,Yes
5022022,Yes
5095495,Yes
5054630,Yes
5135457,Yes
5118363,Yes
5054393,Yes
5095270,Yes
5024247,No
5117754,Yes
5135593,Yes
5092176,Yes
5112796,Yes
5137134,Yes
5053461,Yes
5046371,Yes
5091307,Yes
5139807,Yes
5091545,Yes
5024047,Yes
5089667,Yes
5100464,Yes
5132585,Yes
5053948,No
5025948,Yes
5067346,Yes
5118066,Yes
5117271,Yes
5150333,Yes
5033870,Yes
5065598,No
5074687,Yes
5094935,No
5091991,Yes
5051059,Yes
5022087,Yes
5085763,Yes
5116315,Yes
5024162,Yes
5041625,Yes
5118088,Yes
5088231,No
5022376,Yes
5062444,Yes
5068747,Yes
5022596,Yes
5053602,Yes
5053418,No
5061421,Yes
5050617,Yes
5114633,Yes
5091208,No
5114422,Yes
5062170,Yes
5062365,Yes
5024660,Yes
5026619,Yes
5010585,Yes
5085878,No
5009797,Yes
5142779,Yes
5022886,Yes
5150359,Yes
5065418,Yes
5143484,Yes
5053181,No
5050621,Yes
5067653,Yes
5100436,Yes
5116562,Yes
5113016,Yes
5148769,Yes
5126638,No
5105392,Yes
5024129,Yes
5125255,Yes
5142903,Yes
5114476,No
5024269,Yes
5099988,Yes
5149822,Yes
5023593,Yes
5067024,Yes
5090061,Yes
5052730,Yes
5048213,Yes
5135490,Yes
5026488,Yes
5065429,Yes
5105695,Yes
5114014,Yes
5028537,No
5116074,Yes
5143558,Yes
5132365,No
5029354,Yes
5096659,No
5116059,Yes
5036519,Yes
5022879,Yes
5066582,Yes
5126843,Yes
5067927,Yes
5047727,Yes
5125584,No
5125836,Yes
5053991,Yes
5024784,No
5142947,Yes
5046455,Yes
5061513,Yes
5051087,Yes
5010048,Yes
5053819,Yes
5028452,No
5045932,Yes
5091441,Yes
5140162,Yes
5067655,Yes
5100089,Yes
5048060,Yes
5091318,Yes
5045493,Yes
5117319,Yes
5024467,Yes
5091560,Yes
5036922,Yes
5048153,Yes
5022637,Yes
5126655,Yes
5149097,Yes
5068521,Yes
5116732,No
5125422,Yes
5029807,Yes
5143107,Yes
5126400,Yes
5036951,Yes
5029124,Yes
5149980,Yes
5095733,Yes
5041833,Yes
5113341,Yes
5024694,Yes
5068565,Yes
5010976,Yes
5025046,Yes
5105058,Yes
5028559,Yes
5096821,Yes
5111062,Yes
5142872,No
5105366,Yes
5029383,No
5024451,Yes
5009127,Yes
5078791,Yes
5132263,Yes
5090573,Yes
5069514,Yes
5028422,Yes
5095751,Yes
5091496,Yes
5023566,Yes
5061653,Yes
5089277,Yes
5068584,Yes
5149572,Yes
5114128,Yes
5048322,Yes
5065692,Yes
5046501,Yes
5139653,Yes
5038638,No
5009806,Yes
5143376,Yes
5025255,No
5137035,Yes
5112941,Yes
5021228,Yes
5058460,Yes
5117906,Yes
5010608,No
5026379,Yes
5117539,Yes
5137177,Yes
5100441,Yes
5091950,Yes
5095079,No
5148571,Yes
5142131,Yes
5125467,Yes
5095196,Yes
5033773,Yes
5135376,Yes
5112770,Yes
5061418,Yes
5050485,Yes
5096350,Yes
5061169,Yes
5126013,Yes
5028842,Yes
5054489,Yes
5113291,Yes
5053551,Yes
5117447,Yes
5048395,Yes
5023194,Yes
5113129,Yes
5096820,Yes
5092402,Yes
5068170,Yes
5010484,Yes
5115457,Yes
5116185,No
5053359,Yes
5135486,Yes
5118000,Yes
5091456,Yes
5029513,Yes
5117515,Yes
5022607,Yes
5078829,Yes
5117732,Yes
5111153,Yes
5054456,Yes
5085662,Yes
5079134,Yes
5029196,Yes
5061067,Yes
5028417,Yes
5087774,Yes
5079292,Yes
5068925,No
5025921,Yes
5038730,Yes
5097008,Yes
5143382,Yes
5135381,Yes
5050885,No
5054740,Yes
5146409,Yes
5021647,Yes
5150052,Yes
5046083,Yes
5125190,Yes
5068412,Yes
5058339,Yes
5052587,Yes
5061224,Yes
5149076,Yes
5010438,No
5052796,Yes
5056115,Yes
5024073,Yes
5126802,Yes
5100023,Yes
5136015,Yes
5118013,Yes
5092147,Yes
5067643,No
5095009,Yes
5010837,Yes
5036678,Yes
5029177,Yes
5037268,Yes
5009930,Yes
5035558,Yes
5062583,No
5135652,Yes
5112873,Yes
5048577,No
5023998,Yes
5112666,Yes
5022221,No
5142731,Yes
5054125,Yes
5061603,Yes
5024614,No
5023330,Yes
5066949,No
5125412,Yes
5058361,Yes
5010638,Yes
5009251,Yes
5142744,Yes
5066834,No
5010597,No
5150180,No
5021817,Yes
5009416,Yes
5026087,Yes
5113196,Yes
5062145,Yes
5096729,Yes
5089642,Yes
5068739,Yes
5033977,Yes
5117791,Yes
5048267,Yes
5142795,Yes
5036189,No
5051148,Yes
5088227,No
5068035,Yes
5029277,Yes
5142752,Yes
5029783,Yes
5132731,Yes
5066862,Yes
5146120,No
5105803,Yes
5009837,Yes
5142278,No
5067956,Yes
5079218,Yes
5126294,Yes
5042335,Yes
5025792,Yes
5117008,Yes
5150395,Yes
5068185,Yes
5111149,Yes
5068782,Yes
5092362,Yes
5029643,Yes
5146491,Yes
5105188,Yes
5117762,Yes
5149330,Yes
5097021,Yes
5065782,Yes
5089793,Yes
5065442,Yes
5090982,Yes
5118369,Yes
5089595,Yes
5067526,Yes
5126423,Yes
5069301,No
5115550,Yes
5029045,No
5066554,Yes
5041106,No
5067340,Yes
5150237,Yes
5090309,Yes
5115945,Yes
5105902,Yes
5085755,Yes
5047732,Yes
5118171,Yes
5048465,Yes
5024543,Yes
5149965,Yes
5114531,Yes
5089652,Yes
5023619,Yes
5028772,Yes
5079271,Yes
5140075,Yes
5142310,Yes
5104872,No
5028282,Yes
5045584,Yes
5115516,Yes
5142813,Yes
5112702,Yes
5061881,Yes
5009057,Yes
5054255,Yes
5045585,Yes
5086045,Yes
5117834,Yes
5023266,Yes
5132932,Yes
5025120,Yes
5126801,Yes
5047675,Yes
5023176,Yes
5052690,Yes
5116592,Yes
5092046,Yes
5061557,Yes
5117291,Yes
5035419,Yes
5009790,Yes
5023917,Yes
5105385,Yes
5023392,Yes
5029046,No
5125238,Yes
5105770,Yes
5137184,Yes
5125491,Yes
5091543,Yes
5010627,No
5089239,Yes
5009634,Yes
5115657,Yes
5022679,Yes
5126434,Yes
5113477,Yes
5062157,Yes
5053042,Yes
5148789,Yes
5023121,No
5033830,Yes
5029591,Yes
5042080,Yes
5148879,Yes
5089028,Yes
5137093,Yes
5026545,Yes
5010956,Yes
5068136,No
5089064,Yes
5115876,Yes
5142380,Yes
5046321,No
5036907,Yes
5048328,Yes
5058421,Yes
5041458,Yes
5149000,Yes
5143203,Yes
5142886,Yes
5149694,Yes
5022795,Yes
5066627,No
5026095,Yes
5051129,Yes
5105234,No
5037228,Yes
5116781,Yes
5116883,Yes
5066988,Yes
5074749,No
5021225,Yes
5112915,Yes
5145722,Yes
5037041,Yes
5112627,Yes
5104869,Yes
5116164,No
5118103,Yes
5010346,Yes
5137200,Yes
5021704,Yes
5099733,Yes
5056053,Yes
5046118,Yes
5047955,Yes
5054043,Yes
5029168,No
5058364,No
5021634,Yes
5079022,Yes
5113451,No
5111138,Yes
5054372,No
5025195,Yes
5010261,Yes
5029142,Yes
5036719,No
5065439,Yes
5053631,Yes
5104901,Yes
5114484,Yes
5046451,Yes
5045824,No
5096603,Yes
5009529,Yes
5113800,Yes
5041994,Yes
5135658,Yes
5036831,Yes
5091457,Yes
5112809,No
5146511,Yes
5139693,Yes
5022917,Yes
5067773,Yes
5022386,Yes
5135967,Yes
5065761,Yes
5115830,Yes
5066979,Yes
5022265,No
5117694,Yes
5114084,Yes
5112701,Yes
5089375,Yes
5024476,Yes
5090748,Yes
5090925,Yes
5054073,Yes
5053043,Yes
5089968,Yes
5113769,Yes
5066420,Yes
5118446,Yes
5068622,Yes
5025682,Yes
5062078,Yes
5142758,Yes
5045800,Yes
5029808,Yes
5066890,Yes
5079052,Yes
5024818,Yes
5114145,No
5091539,Yes
5115558,Yes
5126061,Yes
5033756,Yes
5089713,Yes
5091428,Yes
5135968,Yes
5010710,Yes
5096326,Yes
5024317,No
5113071,Yes
5010936,Yes
5137401,Yes
5137450,Yes
5092364,Yes
5126761,Yes
5038821,No
5116644,No
5041398,Yes
5053579,Yes
5047980,Yes
5068055,Yes
5113646,Yes
5089265,Yes
5089327,Yes
5150355,Yes
5023110,Yes
5021788,Yes
5115497,Yes
5086036,Yes
5115744,Yes
5149236,Yes
5033586,Yes
5023102,No
5092345,Yes
5035888,Yes
5090635,Yes
5114213,Yes
5142761,Yes
5058386,Yes
5069534,Yes
5061191,Yes
5045600,Yes
5062473,Yes
5085769,Yes
5126813,Yes
5046138,Yes
5068338,Yes
5061181,Yes
5066499,Yes
5029711,Yes
5029607,Yes
5024589,Yes
5065731,Yes
5105018,Yes
5024192,Yes
5087675,Yes
5136939,Yes
5116311,Yes
5118540,Yes
5149607,Yes
5116730,No
5061126,Yes
5143348,Yes
5035716,Yes
5090745,Yes
5126274,Yes
5115434,Yes
5046175,No
5038517,Yes
5009807,Yes
5096983,Yes
5069276,Yes
5029091,No
5125846,Yes
5105448,Yes
5038771,Yes
5126798,Yes
5113652,Yes
5146385,Yes
5054739,Yes
5139959,Yes
5125628,Yes
5021468,Yes
5090002,No
5135767,Yes
5087936,Yes
5091872,Yes
5069302,No
5146460,Yes
5142895,Yes
5021571,Yes
5142127,Yes
5054089,Yes
5085929,Yes
5052693,Yes
5090297,No
5117855,Yes
5046183,Yes
5097047,Yes
5028976,Yes
5085645,Yes
5053520,Yes
5046049,Yes
5114357,Yes
5024718,No
5137470,Yes
5088433,No
5037209,Yes
5048221,Yes
5029271,Yes
5010485,No
5090708,Yes
5067426,Yes
5126759,Yes
5126093,No
5105600,Yes
5115727,Yes
5067560,Yes
5126690,Yes
5142690,Yes
5079146,Yes
5135930,No
5054756,Yes
5023941,Yes
5113847,Yes
5035843,Yes
5029304,Yes
5114552,Yes
5143437,No
5106143,Yes
5010607,No
5023097,Yes
5048111,Yes
5096738,Yes
5048098,Yes
5066873,Yes
5135482,Yes
5116810,Yes
5150408,Yes
5061279,Yes
5041845,Yes
5023748,Yes
5069231,Yes
5066523,Yes
5095868,Yes
5136941,Yes
5126829,No
5021782,Yes
5148564,No
5126620,Yes
5056015,Yes
5125209,Yes
5143206,Yes
5041123,Yes
5090353,Yes
5143451,Yes
5079233,Yes
5142749,Yes
5023032,Yes
5022661,Yes
5041220,Yes
5135910,Yes
5116009,Yes
5042036,Yes
5089833,No
5010259,Yes
5090421,No
5054611,No
5046034,No
5041495,No
5024126,Yes
5051109,Yes
5044623,Yes
5079162,Yes
5149669,Yes
5062369,Yes
5053507,Yes
5069398,Yes
5089540,Yes
5010277,Yes
5118442,Yes
5022030,Yes
5113954,Yes
5132818,Yes
5044871,Yes
5105825,Yes
5028925,Yes
5051018,Yes
5028724,Yes
5095484,Yes
5090702,Yes
5096552,Yes
5089159,Yes
5114107,Yes
5143327,Yes
5150466,Yes
5061304,Yes
5091622,Yes
5024866,Yes
5095941,Yes
5096871,Yes
5143504,Yes
5116177,No
5024085,Yes
5024291,Yes
5132820,Yes
5052785,Yes
5150122,Yes
5045460,Yes
5113997,Yes
5150169,Yes
5088714,No
5048018,Yes
5026463,No
5037067,Yes
5047858,Yes
5150389,Yes
5065586,Yes
5067947,Yes
5068013,Yes
5117068,Yes
5050480,Yes
5035824,Yes
5091714,Yes
5125736,Yes
5089480,Yes
5094937,No
5024403,Yes
5115981,Yes
5066391,Yes
5114502,Yes
5118490,Yes
5139350,Yes
5044987,No
5054698,Yes
5079172,No
5035589,Yes
5126435,Yes
5061450,No
5046297,Yes
5114505,Yes
5112605,Yes
5046308,Yes
5091694,Yes
5067669,Yes
5022512,Yes
5118011,Yes
5115735,Yes
5137445,Yes
5126443,Yes
5091657,Yes
5085959,Yes
5137210,Yes
5029099,Yes
5115814,Yes
5132712,No
5117121,Yes
5117003,Yes
5061720,Yes
5095905,Yes
5024662,Yes
5048507,Yes
5150320,Yes
5142832,Yes
5045040,Yes
5078826,Yes
5023910,No
5085870,Yes
5148567,Yes
5126654,Yes
5093200,No
5112745,No
5062225,Yes
5021537,Yes
5105037,Yes
5068608,Yes
5052802,Yes
5137012,Yes
5023195,Yes
5037229,Yes
5132853,Yes
5021187,Yes
5066415,Yes
5114117,Yes
5096805,No
5126640,No
5118500,Yes
5048144,Yes
5023000,Yes
5022827,Yes
5010263,Yes
5149665,Yes
5041508,Yes
5024963,Yes
5089640,Yes
5010540,Yes
5048266,Yes
5112764,Yes
5088700,Yes
5087835,Yes
5085816,No
5033546,No
5009832,Yes
5149286,Yes
5113439,No
5139499,Yes
5036990,Yes
5029610,Yes
5115613,Yes
5041175,Yes
5054181,Yes
5105146,Yes
5137532,Yes
5142926,Yes
5054093,Yes
5036536,No
5104987,Yes
5113468,Yes
5143240,Yes
5069221,Yes
5023300,Yes
5091106,No
5148864,Yes
5024482,Yes
5061161,Yes
5143220,No
5028631,Yes
5033917,Yes
5132750,Yes
5096058,Yes
5105288,Yes
5148530,Yes
5095088,Yes
5022717,Yes
5068253,Yes
5116726,Yes
5062400,Yes
5092327,Yes
5028804,No
5010256,Yes
5056113,Yes
5021733,Yes
5115610,Yes
5148583,No
5022720,Yes
5042141,Yes
5140016,Yes
5132673,Yes
5117971,Yes
5117233,Yes
5050484,Yes
5021458,Yes
5028698,Yes
5091986,Yes
5024937,Yes
5009994,Yes
5089921,No
5009657,Yes
5069380,Yes
5050791,Yes
5149251,Yes
5125148,Yes
5069148,Yes
5090644,Yes
5067894,Yes
5066514,Yes
5038897,No
5067409,Yes
5052657,Yes
5126042,Yes
5085747,Yes
5061712,Yes
5113597,Yes
5148830,No
5089855,Yes
5074753,Yes
5041539,No
5061082,Yes
5096362,Yes
5046246,No
5054595,No
5090739,Yes
5105350,Yes
5026467,No
5106014,Yes
5140094,Yes
5024599,No
5149741,Yes
5036483,Yes
5052641,Yes
5053854,Yes
5116019,No
5050962,Yes
5148745,Yes
5028526,Yes
5097121,No
5146317,Yes
5100282,Yes
5089495,Yes
5114083,Yes
5023930,Yes
5065599,No
5052882,No
5118199,Yes
5096237,Yes
5105843,No
5146557,Yes
5022859,Yes
5036087,Yes
5038789,No
5118405,Yes
5023635,Yes
5025051,Yes
5137146,Yes
5126425,Yes
5105127,Yes
5025934,Yes
5051252,Yes
5117507,Yes
5054531,Yes
5089474,Yes
5114100,Yes
5125319,Yes
5091161,Yes
5051217,Yes
5113207,Yes
5047690,Yes
5068053,Yes
5139965,Yes
5023672,Yes
5054768,Yes
5009379,Yes
5118311,Yes
5149218,Yes
5029457,Yes
5041914,Yes
5149877,Yes
5115498,Yes
5009734,Yes
5139928,Yes
5145846,Yes
5091387,Yes
5067601,Yes
5149054,Yes
5067282,Yes
5066605,No
5091439,Yes
5067076,Yes
5091982,Yes
5096988,Yes
5091751,Yes
5142556,Yes
5137201,Yes
5100437,Yes
5021355,Yes
5132814,Yes
5041955,No
5091946,Yes
5041848,Yes
5037287,Yes
5023011,No
5054140,Yes
5149567,Yes
5047827,Yes
5046389,No
5028635,Yes
5114153,Yes
5126463,Yes
5148687,Yes
5105875,Yes
5117150,No
5029083,Yes
5010413,No
5046113,Yes
5010278,Yes
5125707,Yes
5061959,Yes
5088437,No
5010802,Yes
5022509,Yes
5150251,Yes
5079230,Yes
5085781,Yes
5029390,Yes
5126155,Yes
5136979,Yes
5085738,Yes
5008811,Yes
5113233,Yes
5008834,Yes
5090386,Yes
5026096,No
5054101,Yes
5086003,No
5142549,Yes
5010677,Yes
5054727,Yes
5036142,No
5061376,Yes
5135845,Yes
5069383,Yes
5010930,Yes
5025664,Yes
5061457,No
5088436,No
5085886,Yes
5132730,Yes
5079142,Yes
5113259,Yes
5068195,Yes
5125664,Yes
5113499,Yes
5112760,Yes
5091546,Yes
5116103,Yes
5115743,Yes
5148862,Yes
5022483,Yes
5048020,Yes
5051026,Yes
5096635,Yes
5091206,No
5095059,No
5056081,Yes
5091922,Yes
5021640,Yes
5149917,Yes
5010378,No
5009274,Yes
5091423,Yes
5010209,Yes
5066974,Yes
5125398,Yes
5104961,Yes
5050520,Yes
5099875,No
5033683,No
5149682,Yes
5067117,No
5045577,No
5137277,Yes
5079185,Yes
5089511,Yes
5061778,Yes
5044489,Yes
5125740,Yes
5116774,Yes
5149326,Yes
5117210,Yes
5062415,No
5079190,Yes
5105725,Yes
5088045,Yes
5139916,Yes
5132930,Yes
5088047,Yes
5038604,Yes
5095726,Yes
5139378,Yes
5029534,Yes
5029189,Yes
5053115,No
5050919,Yes
5091481,Yes
5091290,Yes
5050517,Yes
5044662,No
5028546,Yes
5009866,Yes
5052927,Yes
5061773,Yes
5046019,Yes
5061324,Yes
5125217,Yes
5090869,Yes
5061211,Yes
5056027,Yes
5125616,Yes
5045234,Yes
5061599,Yes
5009335,Yes
5010472,Yes
5028403,Yes
5067198,Yes
5135541,Yes
5117148,No
5118581,No
5047861,Yes
5058447,Yes
5096554,Yes
5143028,Yes
5067425,Yes
5028827,Yes
5056227,Yes
5050838,Yes
5087648,Yes
5105408,Yes
5096036,Yes
5105246,Yes
5028524,Yes
5029541,Yes
5118377,No
5042042,Yes
5090835,Yes
5116668,Yes
5105162,Yes
5041279,No
5069044,No
5092368,Yes
5115798,Yes
5092013,Yes
5116832,Yes
5091768,Yes
5142347,Yes
5143046,Yes
5113407,Yes
5036527,Yes
5010875,No
5044857,No
5100320,Yes
5046535,No
5135788,Yes
5046017,Yes
5022254,Yes
5136011,No
5041521,Yes
5038869,Yes
5142362,Yes
5044861,No
5009809,Yes
5135591,Yes
5126340,Yes
5096429,Yes
5062137,Yes
5067127,Yes
5023427,Yes
5089453,Yes
5033727,Yes
5067631,Yes
5090527,Yes
5113578,No
5143064,Yes
5033595,Yes
5114087,Yes
5022621,Yes
5033769,No
5047912,Yes
5097122,Yes
5149071,Yes
5054443,No
5062469,Yes
5113423,Yes
5087965,No
5066859,Yes
5136973,Yes
5038576,No
5046390,No
5150006,Yes
5010692,Yes
5069078,Yes
5026224,Yes
5065550,No
5022705,Yes
5116368,Yes
5148846,Yes
5114462,Yes
5105155,No
5142223,Yes
5097073,Yes
5085732,Yes
5056112,Yes
5029669,Yes
5008944,Yes
5126849,Yes
5053301,Yes
5091166,Yes
5065696,Yes
5037199,Yes
5041947,Yes
5067721,Yes
5061243,No
5058296,Yes
5091067,Yes
5028304,Yes
5062421,Yes
5096784,No
5022156,Yes
5114067,Yes
5041339,Yes
5125397,Yes
5029473,No
5105709,Yes
5062139,Yes
5145851,Yes
5079049,No
5037046,Yes
5096647,Yes
5125173,Yes
5023122,No
5052734,Yes
5029687,Yes
5041900,Yes
5036452,Yes
5052703,Yes
5146577,Yes
5061741,No
5066708,Yes
5085861,Yes
5125348,Yes
5026091,Yes
5091983,Yes
5089997,No
5148557,No
5079097,Yes
5021730,Yes
5091605,Yes
5135601,Yes
5126768,Yes
5105612,Yes
5090900,Yes
5033898,Yes
5094889,Yes
5139902,Yes
5089376,Yes
5115679,No
5068295,Yes
5096413,Yes
5112646,Yes
5089266,Yes
5053326,Yes
5125330,Yes
5029254,Yes
5041624,Yes
5148448,No
5079009,Yes
5048538,Yes
5053587,Yes
5132956,Yes
5118319,Yes
5113817,Yes
5033464,Yes
5142153,Yes
5118370,Yes
5096688,Yes
5117302,Yes
5142838,Yes
5132636,Yes
5024474,Yes
5117803,Yes
5066491,No
5118613,Yes
5117690,Yes
5026745,Yes
5023039,Yes
5021212,Yes
5088722,No
5092224,Yes
5026374,Yes
5037013,No
5092238,Yes
5148868,No
5096225,Yes
5052907,Yes
5114177,No
5112902,Yes
5067283,Yes
5105212,Yes
5025995,Yes
5139900,Yes
5114340,Yes
5053121,Yes
5148625,No
5028260,Yes
5143390,Yes
5061470,Yes
5021842,No
5089749,Yes
5105735,Yes
5033418,Yes
5116427,Yes
5068828,Yes
5023618,Yes
5117484,Yes
5104959,Yes
5009306,No
5095933,No
5090908,Yes
5091165,Yes
5105451,Yes
5033888,Yes
5051141,Yes
5135461,No
5095030,Yes
5105189,Yes
5142464,Yes
5095939,Yes
5089776,Yes
5067366,Yes
5068063,Yes
5068612,Yes
5025955,Yes
5146203,Yes
5010944,Yes
5023379,No
5054015,Yes
5021482,Yes
5148749,Yes
5149188,Yes
5067462,Yes
5028401,Yes
5149195,Yes
5092419,Yes
5146576,Yes
5116313,Yes
5051202,Yes
5024080,Yes
5090081,Yes
5046392,No
5118545,Yes
5137147,Yes
5137063,Yes
5085698,Yes
5079243,Yes
5113296,Yes
5091373,Yes
5136975,Yes
5116649,Yes
5041542,Yes
5126264,Yes
5045693,Yes
5125640,Yes
5068171,Yes
5113731,Yes
5125599,Yes
5113127,Yes
5090910,No
5089784,Yes
5115442,No
5041068,Yes
5114241,Yes
5029707,Yes
5021520,Yes
5105545,Yes
5067935,Yes
5115779,Yes
5053898,Yes
5036970,Yes
5028624,Yes
5061986,Yes
5126616,Yes
5116778,Yes
5148865,No
5028709,Yes
5053187,Yes
5117683,Yes
5116824,Yes
5095689,Yes
5052635,Yes
5099843,Yes
5118091,Yes
5097157,No
5053006,Yes
5111086,Yes
5021226,Yes
5065816,Yes
5023113,Yes
5149961,Yes
5118220,Yes
5114509,Yes
5024652,Yes
5036890,No
5135792,Yes
5105972,Yes
5037113,Yes
5036091,Yes
5117778,Yes
5053117,Yes
5053069,Yes
5053044,Yes
5024374,Yes
5092018,Yes
5029172,No
5066913,Yes
5096064,Yes
5061655,Yes
5091340,Yes
5097104,Yes
5079041,Yes
5095035,Yes
5090470,Yes
5053525,Yes
5024319,No
5033632,No
5062298,Yes
5053013,Yes
5096211,Yes
5061952,Yes
5023055,No
5042147,Yes
5126509,Yes
5105238,Yes
5061424,Yes
5117810,No
5145836,No
5023435,Yes
5068302,Yes
5021829,Yes
5106039,Yes
5038721,No
5069226,Yes
5118080,Yes
5054376,No
5085863,Yes
5090106,Yes
5069393,Yes
5009935,Yes
5058280,Yes
5022449,Yes
5089653,Yes
5028833,Yes
5113671,No
5105474,Yes
5053981,Yes
5010860,Yes
5010185,Yes
5061213,Yes
5061471,Yes
5148744,Yes
5139675,Yes
5022216,Yes
5126019,Yes
5028901,Yes
5010332,Yes
5009233,Yes
5146046,Yes
5117719,Yes
5095291,Yes
5061923,No
5105917,Yes
5095829,Yes
5090801,Yes
5100409,Yes
5085867,Yes
5112820,Yes
5092084,Yes
5042028,Yes
5068436,Yes
5079136,Yes
5066548,No
5149080,Yes
5116188,Yes
5058476,Yes
5106068,Yes
5058383,Yes
5142275,Yes
5096809,No
5135495,Yes
5024496,Yes
5068265,Yes
5149294,Yes
5068043,Yes
5126799,Yes
5140111,Yes
5021986,Yes
5088923,Yes
5023581,No
5021607,Yes
5142963,Yes
5118197,Yes
5125235,Yes
5117873,Yes
5090567,Yes
5111128,Yes
5010838,No
5137310,Yes
5095333,Yes
5036513,Yes
5091466,No
5078903,Yes
5023997,Yes
5085800,Yes
5096077,Yes
5118373,No
5139846,Yes
5142686,Yes
5042226,Yes
5090980,Yes
5051095,Yes
5021965,Yes
5062198,Yes
5113110,Yes
5139897,Yes
5054123,Yes
5143569,Yes
5113515,Yes
5088417,Yes
5041851,Yes
5067381,Yes
5116568,Yes
5106127,Yes
5149604,Yes
5053698,Yes
5028581,Yes
5053016,Yes
5038518,Yes
5021673,Yes
5023106,Yes
5009136,Yes
5117966,Yes
5025082,Yes
5028864,Yes
5061795,Yes
5061183,Yes
5118151,Yes
5054082,Yes
5125685,Yes
5028346,Yes
5090486,Yes
5029090,Yes
5062563,Yes
5025210,Yes
5053420,No
5088473,No
5033886,Yes
5067134,Yes
5058244,Yes
5010898,Yes
5112653,Yes
5074814,Yes
5029144,Yes
5105904,Yes
5045784,Yes
5023608,No
5023511,Yes
5053499,Yes
5125161,Yes
5089535,Yes
5045855,Yes
5021453,No
5092026,Yes
5058430,Yes
5047707,Yes
5125309,Yes
5022099,No
5023719,No
5089648,Yes
5038780,Yes
5046525,Yes
5067000,Yes
5018486,No
5088917,Yes
5092019,Yes
5062027,Yes
5143613,Yes
5088860,Yes
5126257,Yes
5145923,Yes
5054650,Yes
5090227,Yes
5028433,Yes
5010910,No
5104978,Yes
5022700,Yes
5091999,No
5104922,Yes
5038610,Yes
5137096,Yes
5104936,Yes
5037045,Yes
5126269,Yes
5148657,Yes
5021945,Yes
5009785,Yes
5009883,No
5038736,Yes
5100060,Yes
5065619,Yes
5036847,Yes
5113859,Yes
5028384,Yes
5086039,Yes
5048460,Yes
5024309,Yes
5069169,Yes
5023283,Yes
5046066,No
5053569,Yes
5149210,Yes
5117047,Yes
5066805,Yes
5038675,Yes
5036815,Yes
5116138,Yes
5062380,Yes
5116534,No
5105355,Yes
5091149,Yes
5068371,Yes
5021999,Yes
5068698,Yes
5009984,Yes
5113105,Yes
5054513,Yes
5116237,Yes
5118214,Yes
5115857,Yes
5025824,No
5062364,Yes
5117161,Yes
5042214,Yes
5137405,Yes
5135986,Yes
5058307,Yes
5048034,Yes
5048044,Yes
5028323,Yes
5142874,No
5028572,No
5139695,Yes
5045557,Yes
5045266,No
5095691,Yes
5079073,Yes
5033614,Yes
5149926,Yes
5048582,No
5117961,Yes
5028265,Yes
5061858,Yes
5033766,Yes
5115499,Yes
5061692,Yes
5095024,Yes
5048336,Yes
5113947,Yes
5036926,Yes
5099761,Yes
5054144,Yes
5089220,Yes
5036167,No
5042125,No
5044594,Yes
5054673,Yes
5126094,No
5089972,Yes
5042237,Yes
5113599,Yes
5028904,Yes
5050642,Yes
5026378,Yes
5033829,Yes
5009495,Yes
5125350,Yes
5091620,Yes
5090389,Yes
5132852,Yes
5041273,Yes
5058533,No
5117365,Yes
5142420,Yes
5096510,Yes
5061794,Yes
5125145,Yes
5140078,Yes
5061790,No
5024670,Yes
5090162,Yes
5069199,Yes
5051151,Yes
5066950,No
5090760,Yes
5089826,No
5105069,Yes
5085788,Yes
5061946,No
5116691,Yes
5065590,Yes
5125617,Yes
5024054,Yes
5023564,Yes
5054214,Yes
5035790,No
5052762,Yes
5149391,Yes
5088882,Yes
5022494,Yes
5088868,Yes
5009232,Yes
5148948,Yes
5087947,Yes
5105425,Yes
5135506,Yes
5091959,Yes
5126405,Yes
5046497,Yes
5050566,Yes
5126288,Yes
5126789,Yes
5033869,Yes
5078831,Yes
5048530,Yes
5053925,Yes
5033880,Yes
5068633,Yes
5126496,Yes
5074806,Yes
5010767,Yes
5088318,Yes
5068968,Yes
5035796,No
5021581,Yes
5008915,Yes
5023503,Yes
5066550,No
5113384,Yes
5054131,Yes
5022605,Yes
5052766,Yes
5142092,Yes
5089066,Yes
5078839,Yes
5036592,Yes
5061871,Yes
5045765,Yes
5148713,No
5149767,Yes
5022442,Yes
5038688,Yes
5018504,Yes
5090447,Yes
5125699,Yes
5045868,Yes
5065688,Yes
5112708,No
5091262,Yes
5087861,Yes
5115410,Yes
5099748,Yes
5126791,Yes
5051158,Yes
5096034,Yes
5126040,Yes
5114332,Yes
5089203,Yes
5061377,Yes
5068919,Yes
5132749,Yes
5148549,Yes
5041278,No
5148928,Yes
5125689,Yes
5148555,No
5041638,Yes
5095665,Yes
5033626,Yes
5028768,Yes
5149457,Yes
5041430,Yes
5024299,Yes
5113966,Yes
5029190,Yes
5054207,Yes
5091785,Yes
5067087,Yes
5137489,Yes
5022412,No
5149015,Yes
5096384,No
5117673,Yes
5065569,Yes
5137363,Yes
5115546,Yes
5113709,Yes
5047958,Yes
5146093,Yes
5067243,Yes
5009284,Yes
5100395,Yes
5135491,Yes
5112755,Yes
5052815,Yes
5090816,Yes
5067857,No
5029348,Yes
5106081,Yes
5118349,Yes
5146488,Yes
5091843,Yes
5126343,Yes
5024051,Yes
5095956,Yes
5022803,Yes
5118090,Yes
5142732,Yes
5079060,Yes
5025888,No
5033895,Yes
5148605,No
5089769,Yes
5010409,No
5125344,Yes
5142993,Yes
5116088,Yes
5139963,Yes
5100449,Yes
5008859,Yes
5065479,Yes
5105665,Yes
5026477,Yes
5149008,Yes
5091684,Yes
5048035,Yes
5105911,Yes
5037301,Yes
5090887,Yes
5022141,Yes
5150343,No
5116062,Yes
5116549,No
5045189,Yes
5009065,Yes
5142291,Yes
5042262,Yes
5143156,Yes
5025107,Yes
5145829,Yes
5096904,Yes
5148503,No
5009294,Yes
5114479,No
5021507,No
5090705,Yes
5056059,No
5033511,Yes
5026275,Yes
5089302,Yes
5051193,Yes
5026425,Yes
5087646,Yes
5067478,Yes
5142707,Yes
5068695,Yes
5037125,Yes
5100452,Yes
5091043,Yes
5065588,Yes
5143413,Yes
5009395,Yes
5008907,Yes
5052954,No
5023553,Yes
5036442,Yes
5046126,Yes
5029169,Yes
5029459,Yes
5051258,Yes
5125185,Yes
5099848,Yes
5065348,Yes
5029502,Yes
5022953,Yes
5091217,No
5143434,No
5009593,Yes
5148836,Yes
5089756,Yes
5024857,Yes
5149628,Yes
5054592,No
5036868,Yes
5069072,Yes
5114497,No
5023052,Yes
5146483,Yes
5092077,Yes
5058452,Yes
5136960,Yes
5068381,Yes
5143552,Yes
5146302,Yes
5069167,Yes
5024352,Yes
5095727,Yes
5048581,No
5091591,Yes
5088702,Yes
5143116,No
5024525,Yes
5118384,Yes
5095842,Yes
5036956,Yes
5009535,Yes
5068885,Yes
5022592,Yes
5105042,Yes
5115947,Yes
5066472,No
5061957,Yes
5028796,Yes
5068309,Yes
5116178,No
5026383,Yes
5024481,Yes
5112651,Yes
5145883,No
5095370,Yes
5095346,No
5118499,Yes
5135511,Yes
5061493,Yes
5054373,No
5050656,Yes
5142255,Yes
5041544,Yes
5125180,Yes
5029291,No
5143152,Yes
5021376,Yes
5096562,Yes
5058555,No
5100215,Yes
5036492,Yes
5052673,Yes
5132577,Yes
5115904,Yes
5089323,Yes
5033551,Yes
5022124,Yes
5089164,Yes
5028475,No
5118587,Yes
5067085,Yes
5023190,Yes
5106094,Yes
5091645,Yes
5149199,Yes
5111084,Yes
5116267,Yes
5135925,No
5113376,Yes
5045032,Yes
5148930,Yes
5058253,Yes
5148724,Yes
5095977,Yes
5025028,No
5143271,No
5125935,No
5090852,No
5126381,Yes
5028650,Yes
5079223,Yes
5132340,Yes
5022539,Yes
5089174,Yes
5089597,Yes
5126673,Yes
5126048,Yes
5096062,Yes
5023763,No
5009829,Yes
5149479,Yes
5023944,Yes
5023969,No
5096292,Yes
5061998,Yes
5079033,No
5092113,Yes
5142860,Yes
5066540,Yes
5087949,Yes
5023730,Yes
5025086,Yes
5079210,Yes
5115600,Yes
5048327,Yes
5041379,Yes
5078906,Yes
5091338,Yes
5088196,Yes
5068176,Yes
5114413,Yes
5009343,Yes
5046259,Yes
5061639,No
5106149,Yes
5062538,Yes
5126536,Yes
5029552,No
5142214,Yes
5036588,No
5092028,Yes
5052590,Yes
5041148,Yes
5024014,Yes
5115777,Yes
5145981,Yes
5038918,Yes
5066825,Yes
5143076,Yes
5054432,Yes
5053376,Yes
5052886,No
5104930,No
5041116,Yes
5142142,Yes
5136017,No
5046042,Yes
5053233,Yes
5009094,Yes
5067040,Yes
5143184,Yes
5054052,Yes
5117997,Yes
5050691,Yes
5090193,Yes
5045138,Yes
5150047,Yes
5062116,Yes
5053951,Yes
5088234,Yes
5095997,Yes
5115894,Yes
5036050,Yes
5132540,Yes
5118475,Yes
5025251,Yes
5035487,Yes
5113245,Yes
5090474,Yes
5068997,Yes
5067619,Yes
5024557,Yes
5105347,Yes
5065836,No
5009100,Yes
5117018,Yes
5062436,Yes
5149285,Yes
5149414,Yes
5139718,No
5010105,No
5090540,Yes
5149089,Yes
5068651,Yes
5054350,Yes
5089685,No
5010684,Yes
5066520,Yes
5135251,Yes
5048294,Yes
5068398,No
5142311,Yes
5022048,Yes
5046511,Yes
5143285,No
5091209,No
5135752,Yes
5116282,Yes
5113828,Yes
5066778,Yes
5135534,Yes
5045413,No
5068485,Yes
5149209,Yes
5135619,Yes
5061292,No
5135997,Yes
5062560,Yes
5105217,Yes
5066717,Yes
5056184,Yes
5106122,Yes
5095990,Yes
5037069,No
5126607,Yes
5125898,No
5099871,Yes
5090377,No
5087814,Yes
5023006,Yes
5126402,Yes
5048491,Yes
5045611,Yes
5036246,Yes
5054778,Yes
5061666,Yes
5009599,Yes
5048145,Yes
5021954,Yes
5048140,Yes
5029267,Yes
5091860,Yes
5086012,Yes
5105014,Yes
5069385,Yes
5100275,Yes
5037026,Yes
5053256,Yes
5053628,No
5022385,Yes
5145704,Yes
5099952,Yes
5090173,Yes
5009435,No
5041105,No
5022401,No
5092198,No
5091341,Yes
5113854,Yes
5091123,Yes
5024318,No
5091401,Yes
5088929,Yes
5087971,Yes
5024788,No
5023320,Yes
5115921,Yes
5036764,Yes
5149058,Yes
5148940,Yes
5024849,Yes
5069162,Yes
5033467,Yes
5111107,Yes
5054010,Yes
5050545,Yes
5116379,Yes
5114564,Yes
5066504,Yes
5095379,Yes
5053632,Yes
5149710,Yes
5061188,Yes
5115608,Yes
5126174,Yes
5095306,Yes
5028310,Yes
5022262,Yes
5092081,Yes
5035433,Yes
5096559,Yes
5038860,No
5042272,No
5050968,Yes
5052952,No
5092463,No
5023187,Yes
5139929,Yes
5050640,Yes
5041054,Yes
5143505,Yes
5114041,Yes
5056030,Yes
5114341,Yes
5036260,Yes
5095628,Yes
5065498,Yes
5065572,Yes
5086024,Yes
5068158,No
5048244,Yes
5142656,Yes
5095344,No
5067203,Yes
5137188,Yes
5021341,Yes
5041109,Yes
5096967,No
5132606,No
5052786,Yes
5056049,Yes
5009860,Yes
5025942,Yes
5053404,Yes
5088557,Yes
5050811,Yes
5111142,Yes
5088655,Yes
5125222,Yes
5050625,Yes
5149849,Yes
5116972,Yes
5096220,Yes
5139904,Yes
5024150,Yes
5062008,No
5010656,Yes
5085840,Yes
5135654,Yes
5137131,Yes
5140065,Yes
5021261,Yes
5096176,Yes
5137391,Yes
5024564,Yes
5022505,Yes
5150142,Yes
5095931,No
5149070,Yes
5142875,No
5026007,Yes
5091762,Yes
5062562,Yes
5021956,Yes
5023345,Yes
5112975,Yes
5045107,No
5048198,Yes
5010047,Yes
5125638,Yes
5048193,Yes
5096956,Yes
5125289,Yes
5148804,Yes
5145944,Yes
5087747,No
5051056,Yes
5112768,Yes
5009766,Yes
5149216,Yes
5018445,Yes
5113448,No
5117975,Yes
5137091,Yes
5052753,Yes
5009327,Yes
5028720,Yes
5021477,Yes
5021702,Yes
5135664,No
5125874,Yes
5088703,Yes
5022535,Yes
5089831,No
5142161,Yes
5010412,No
5146461,Yes
5105985,Yes
5117460,Yes
5094884,Yes
5142830,Yes
5143230,No
5068459,Yes
5117205,Yes
5058513,Yes
5085966,No
5105653,Yes
5125912,Yes
5105936,Yes
5068242,Yes
5089748,Yes
5058403,Yes
5061927,No
5046487,Yes
5100266,Yes
5041400,Yes
5086056,Yes
5018469,Yes
5142241,Yes
5062676,Yes
5087937,Yes
5050481,Yes
5091639,Yes
5028253,Yes
5114519,Yes
5050843,Yes
5009140,Yes
5091048,Yes
5009666,Yes
5100101,Yes
5087624,Yes
5145847,Yes
5051154,Yes
5053286,Yes
5036075,Yes
5146062,Yes
5117351,Yes
5143422,Yes
5036250,Yes
5125272,Yes
5105699,Yes
5058250,Yes
5010630,No
5068075,No
5085991,No
5135972,Yes
5116517,Yes
5087889,Yes
5024572,Yes
5041065,Yes
5117336,Yes
5036480,Yes
5035646,No
5114604,Yes
5041736,Yes
5028410,Yes
5137126,Yes
5062113,Yes
5010639,Yes
5087766,Yes
5126050,Yes
5048247,Yes
5053185,Yes
5125431,Yes
5058329,No
5114380,Yes
5116392,Yes
5022864,Yes
5079104,Yes
5079093,Yes
5116551,Yes
5149039,Yes
5036258,Yes
5115715,Yes
5090846,Yes
5010078,Yes
5024817,No
5150189,No
5023668,Yes
5069502,Yes
5087834,Yes
5036834,Yes
5037122,Yes
5042017,Yes
5117020,Yes
5021961,Yes
5143110,Yes
5054212,Yes
5088724,Yes
5053976,Yes
5148990,Yes
5085901,Yes
5090590,Yes
5117825,No
5148821,No
5061312,Yes
5105642,No
5068137,No
5021746,Yes
5029081,Yes
5135564,Yes
5023185,Yes
5045482,No
5145698,Yes
5066388,Yes
5074672,Yes
5033803,Yes
5026368,Yes
5067468,Yes
5116353,Yes
5126469,Yes
5078821,Yes
5056061,Yes
5010056,Yes
5068021,Yes
5143250,Yes
5095285,Yes
5149518,Yes
5139972,Yes
5009168,Yes
5022431,No
5067732,Yes
5045783,Yes
5009226,Yes
5143508,Yes
5096006,Yes
5126330,Yes
5051243,Yes
5114492,No
5022195,Yes
5139491,Yes
5053076,No
5116582,Yes
5024191,Yes
5026688,Yes
5142888,Yes
5125900,No
5117236,Yes
5135895,Yes
5118339,Yes
5010330,Yes
5041099,No
5050981,Yes
5135865,Yes
5089241,Yes
5069093,Yes
5088656,Yes
5091357,No
5116070,Yes
5053871,Yes
5025937,Yes
5116755,Yes
5105131,Yes
5143566,No
5048248,Yes
5149113,Yes
5085970,Yes
5062471,Yes
5024128,Yes
5037155,Yes
5142670,Yes
5149519,Yes
5028849,Yes
5089629,Yes
5021924,Yes
5126153,Yes
5067957,Yes
5010151,Yes
5100454,Yes
5149990,Yes
5026014,Yes
5041112,Yes
5100251,Yes
5149353,Yes
5100003,Yes
5047648,Yes
5125987,Yes
5149363,No
5068339,Yes
5052716,Yes
5047988,Yes
5115829,Yes
5142186,Yes
5146441,Yes
5054570,Yes
5053123,Yes
5047933,Yes
5048477,Yes
5054496,Yes
5091805,No
5065765,Yes
5136950,Yes
5089082,Yes
5113288,Yes
5033878,Yes
5038523,Yes
5045343,Yes
5024874,Yes
5024071,Yes
5089038,No
5041873,Yes
5024470,Yes
5112896,Yes
5090558,Yes
5069047,No
5050967,Yes
5142840,Yes
5068199,Yes
5067344,Yes
5053765,Yes
5143218,Yes
5025157,Yes
5100128,Yes
5054541,Yes
5100189,Yes
5125419,Yes
5140104,Yes
5135556,Yes
5025192,Yes
5065831,No
5029232,Yes
5053471,Yes
5074632,Yes
5042131,Yes
5094955,No
5096249,No
5051006,Yes
5114190,No
5113132,Yes
5116137,Yes
5142169,Yes
5046028,Yes
5068708,Yes
5145968,Yes
5089828,No
5054339,Yes
5105147,Yes
5041740,Yes
5066632,No
5036564,No
5078887,Yes
5126376,Yes
5068564,Yes
5010740,Yes
5023358,Yes
5028912,Yes
5061382,Yes
5149448,Yes
5051103,Yes
5069489,Yes
5066812,Yes
5062115,Yes
5113713,Yes
5105764,Yes
5142341,Yes
5148497,Yes
5010025,Yes
5149638,Yes
5053861,Yes
5139466,No
5091301,Yes
5024706,Yes
5058496,No
5050758,Yes
5062679,Yes
5114207,Yes
5113368,No
5143619,No
5024168,Yes
5029637,Yes
5094944,Yes
5022608,Yes
5132660,Yes
5142627,Yes
5041104,No
5053581,Yes
5048607,Yes
5048056,Yes
5054769,Yes
5137294,Yes
5115717,Yes
5145718,Yes
5088996,Yes
5024489,Yes
5095559,Yes
5099777,Yes
5038614,Yes
5135531,Yes
5033686,Yes
5105955,Yes
5142098,Yes
5149775,Yes
5008916,Yes
5036586,Yes
5048022,Yes
5023197,Yes
5069211,No
5118376,No
5041263,Yes
5135885,Yes
5118054,Yes
5095119,Yes
5026249,Yes
5062525,Yes
5115827,Yes
5068391,Yes
5048486,Yes
5046107,Yes
5125267,Yes
5053002,Yes
5061133,Yes
5010204,Yes
5146521,Yes
5051166,Yes
5066444,Yes
5126054,Yes
5010813,Yes
5148757,Yes
5023535,Yes
5125940,Yes
5028423,Yes
5021683,Yes
5009997,Yes
5023551,Yes
5096758,No
5024717,No
5149461,Yes
5142571,Yes
5025891,No
5066761,No
5061719,Yes
5096794,Yes
5097134,Yes
5126576,Yes
5008945,Yes
5028341,Yes
5029257,Yes
5146571,Yes
5146375,Yes
5148650,Yes
5037037,No
5091909,Yes
5022407,No
5090018,Yes
5090396,Yes
5146111,No
5067439,No
5062736,Yes
5125284,Yes
5079244,Yes
5145830,Yes
5149082,Yes
5126560,Yes
5118403,Yes
5089554,Yes
5045547,Yes
5051183,Yes
5067882,Yes
5135581,Yes
5010843,Yes
5010343,Yes
5135872,Yes
5046372,Yes
5036903,Yes
5089260,Yes
5034021,Yes
5117429,Yes
5142454,Yes
5088975,Yes
5068566,Yes
5068512,Yes
5068129,Yes
5126160,Yes
5111155,Yes
5048589,Yes
5054751,Yes
5068541,Yes
5036083,Yes
5068750,Yes
5010266,Yes
5035992,Yes
5062045,Yes
5061242,No
5074580,Yes
5132697,Yes
5115480,No
5047807,Yes
5142771,Yes
5067654,Yes
5085623,Yes
5092072,Yes
5085881,Yes
5009624,Yes
5143343,Yes
5021976,Yes
5091000,Yes
5135630,No
5051110,Yes
5067864,Yes
5090942,Yes
5067419,No
5025875,Yes
5092320,Yes
5118258,Yes
5021819,Yes
5146598,Yes
5045879,Yes
5105253,Yes
5148859,Yes
5116771,Yes
5085855,No
5068693,Yes
5091360,No
5089055,Yes
5065413,Yes
5090826,Yes
5067450,No
5061397,Yes
5095889,Yes
5023258,Yes
5025866,No
5066674,Yes
5145939,Yes
5029063,Yes
5042159,No
5024097,Yes
5125609,Yes
5022439,Yes
5068882,Yes
5048310,Yes
5009095,Yes
5062328,Yes
5111139,Yes
5095896,Yes
5115913,Yes
5024153,No
5104889,Yes
5065400,Yes
5045450,Yes
5062611,Yes
5112637,Yes
5111134,Yes
5068559,Yes
5023858,Yes
5028791,Yes
5095388,Yes
5066823,Yes
5115646,Yes
5117501,Yes
5091375,Yes
5113265,No
5038593,Yes
5126169,Yes
5142660,Yes
5125744,Yes
5142119,Yes
5091526,Yes
5126371,Yes
5010519,Yes
5021951,Yes
5026533,Yes
5146103,Yes
5022929,No
5125188,Yes
5029650,Yes
5116673,Yes
5023912,No
5023292,Yes
5023181,Yes
5024903,Yes
5050475,Yes
5021888,Yes
5089219,Yes
5117615,Yes
5143443,No
5068039,Yes
5117070,Yes
5029113,Yes
5126737,Yes
5023086,Yes
5045590,Yes
5036950,Yes
5067880,Yes
5028237,Yes
5142572,Yes
5010568,Yes
5041906,Yes
5146114,Yes
5126715,Yes
5028685,Yes
5026723,Yes
5118496,Yes
5024803,Yes
5037234,Yes
5143514,Yes
5045210,Yes
5046155,Yes
5143455,Yes
5036881,No
5046309,No
5068727,Yes
5026496,Yes
5026245,Yes
5053303,Yes
5139779,Yes
5021994,Yes
5067652,Yes
5024753,Yes
5026630,Yes
5069005,Yes
5028314,Yes
5044953,No
5142805,No
5026373,Yes
5095692,Yes
5048511,Yes
5113836,Yes
5052699,Yes
5046514,Yes
5088482,No
5097027,Yes
5149380,Yes
5050848,Yes
5113745,Yes
5028249,Yes
5142711,Yes
5117794,Yes
5068545,Yes
5099765,Yes
5024136,Yes
5067411,Yes
5010228,Yes
5097165,Yes
5092440,No
5029460,Yes
5065322,No
5048189,Yes
5029100,Yes
5105387,No
5052997,Yes
5116290,Yes
5044560,Yes
5089976,Yes
5117770,Yes
5025015,Yes
5137149,No
5021257,No
5053439,Yes
5029519,Yes
5052603,Yes
5143365,Yes
5092460,No
5069242,No
5091243,Yes
5058332,No
5024637,Yes
5117193,No
5061570,Yes
5137009,No
5139530,Yes
5135345,Yes
5142760,Yes
5050910,Yes
5089120,Yes
5053482,Yes
5126305,Yes
5125781,Yes
5088498,Yes
5125866,Yes
5024294,No
5105593,Yes
5118203,Yes
5068324,Yes
5093202,No
5024015,Yes
5114195,No
5113518,Yes
5142323,Yes
5113239,Yes
5054553,Yes
5050655,Yes
5069038,Yes
5116927,Yes
5009672,Yes
5148663,Yes
5089700,Yes
5048200,No
5135592,Yes
5116356,Yes
5061829,No
5068824,Yes
5050611,Yes
5045470,Yes
5009724,Yes
5026094,Yes
5142675,No
5091452,Yes
5022696,No
5111085,Yes
5116906,No
5125657,Yes
5142440,Yes
5066935,Yes
5068649,Yes
5021801,Yes
5053942,Yes
5094974,Yes
5023204,Yes
5078942,No
5047762,Yes
5089141,Yes
5097108,Yes
5126299,Yes
5009373,No
5126842,Yes
5091803,No
5126166,Yes
5021783,Yes
5023152,Yes
5066402,Yes
5029470,No
5117783,No
5143409,No
5010483,Yes
5146032,Yes
5132698,Yes
5090471,No
5118129,Yes
5132239,No
5054175,Yes
5065841,Yes
5021587,Yes
5146343,Yes
5041661,Yes
5126739,No
5117135,Yes
5085726,Yes
5036447,Yes
5025098,Yes
5067168,Yes
5085873,Yes
5096167,Yes
5029373,Yes
5010870,Yes
5078959,Yes
5089438,Yes
5029311,No
5149302,Yes
5051074,Yes
5095252,Yes
5009008,Yes
5045465,Yes
5146033,Yes
5035826,Yes
5067725,Yes
5067494,Yes
5021425,No
5009128,Yes
5053826,Yes
5113734,Yes
5137300,Yes
5148533,Yes
5061628,No
5065362,Yes
5058338,Yes
5026544,Yes
5114123,Yes
5024898,Yes
5065472,Yes
5091743,Yes
5148929,Yes
5142827,Yes
5029596,No
5025846,No
5105878,Yes
5067876,Yes
5038861,No
5044591,Yes
5062062,Yes
5095109,Yes
5044872,Yes
5052932,No
5142754,Yes
5090343,Yes
5149704,Yes
5052980,Yes
5126145,Yes
5149410,Yes
5048174,Yes
5143638,Yes
5142369,Yes
5136027,Yes
5022818,Yes
5036125,Yes
5050819,Yes
5096601,Yes
5092455,Yes
5044491,Yes
5145948,Yes
5050803,Yes
5062142,Yes
5106158,Yes
5091497,Yes
5054009,Yes
5024385,Yes
5116430,Yes
5132623,Yes
5009590,Yes
5058335,Yes
5105424,Yes
5112987,No
5085879,No
5010068,Yes
5149981,Yes
5148575,No
5092166,No
5140015,Yes
5009673,Yes
5117710,Yes
5045342,Yes
5126665,Yes
5117006,Yes
5139578,Yes
5112696,Yes
5069011,Yes
5117964,Yes
5116339,Yes
5028625,Yes
5010573,Yes
5042088,Yes
5036326,Yes
5114010,Yes
5062452,Yes
5090545,Yes
5023430,No
5085826,Yes
5143406,Yes
5009875,Yes
5091695,Yes
5028355,Yes
5021597,No
5065839,Yes
5054004,Yes
5036040,Yes
5091846,Yes
5095935,No
5149107,Yes
5068539,Yes
5056006,Yes
5053882,Yes
5089683,Yes
5142212,Yes
5056128,Yes
5021708,Yes
5028300,Yes
5068547,Yes
5067199,Yes
5139488,Yes
5056020,Yes
5051125,Yes
5067096,Yes
5068952,Yes
5113172,Yes
5105786,Yes
5028289,Yes
5054770,Yes
5091744,Yes
5048597,Yes
5023613,Yes
5146435,Yes
5062334,Yes
5045532,Yes
5114398,Yes
5078918,Yes
5148694,No
5028941,Yes
5113023,Yes
5089271,Yes
5125945,Yes
5091281,Yes
5146374,Yes
5085831,Yes
5021251,Yes
5100421,Yes
5104997,Yes
5009732,Yes
5113654,Yes
5041715,Yes
5125123,Yes
5149618,Yes
5038814,Yes
5045286,Yes
5023448,Yes
5132753,Yes
5021840,No
5028494,Yes
5118175,Yes
5113986,Yes
5088107,Yes
5092251,Yes
5089718,Yes
5112942,Yes
5148899,Yes
5010086,Yes
5062599,Yes
5041468,Yes
5118110,Yes
5117959,Yes
5066707,No
5067063,Yes
5116899,Yes
5045487,No
5047884,Yes
5113698,Yes
5045400,Yes
5092128,Yes
5048602,Yes
5036085,Yes
5146045,Yes
5089079,Yes
5009915,Yes
5045412,Yes
5145852,Yes
5061909,Yes
5132525,Yes
5079015,Yes
5100137,No
5054274,Yes
5142784,Yes
5137361,Yes
5054020,Yes
5022756,Yes
5089737,Yes
5065573,Yes
5089380,Yes
5009249,Yes
5113495,Yes
5010336,Yes
5067182,Yes
5051244,Yes
5117623,Yes
5068305,Yes
5022897,Yes
5135966,Yes
5148869,No
5149637,Yes
5105044,Yes
5095371,Yes
5105896,Yes
5041639,Yes
5046222,No
5041107,Yes
5041108,Yes
5078998,Yes
5126637,No
5054639,Yes
5010470,Yes
5045110,No
5054748,Yes
5024056,Yes
5148809,No
5116835,Yes
5023140,Yes
5150475,Yes
5145720,Yes
5142958,Yes
5113346,Yes
5022302,Yes
5135918,Yes
5078785,Yes
5143486,Yes
5142400,No
5116092,Yes
5143074,Yes
5125239,Yes
5028476,No
5022430,No
5053615,Yes
5089732,Yes
5056086,Yes
5096312,Yes
5148486,Yes
5061702,Yes
5038776,Yes
5091483,Yes
5099781,Yes
5116982,Yes
5090454,Yes
5022072,Yes
5105871,Yes
5087966,No
5009149,Yes
5033617,No
5061906,Yes
5125851,Yes
5053960,Yes
5099945,Yes
5067287,Yes
5042142,Yes
5091335,Yes
5037137,Yes
5087698,Yes
5089663,Yes
5142359,No
5041281,No
5094967,Yes
5132924,Yes
5061271,Yes
5092415,Yes
5050482,Yes
5061419,Yes
5135797,Yes
5068905,Yes
5041961,Yes
5051159,Yes
5137114,Yes
5089418,Yes
5149864,Yes
5137539,Yes
5033533,Yes
5089439,Yes
5069216,Yes
5094942,No
5139455,No
5035578,No
5052858,Yes
5054396,Yes
5125722,Yes
5024013,Yes
5089964,Yes
5050530,Yes
5089918,No
5079027,No
5099960,No
5066793,Yes
5036993,Yes
5149135,Yes
5033457,Yes
5105376,Yes
5028662,Yes
5091596,Yes
5090132,Yes
5061347,No
5090981,Yes
5106100,Yes
5149577,Yes
5041627,Yes
5042106,Yes
5099742,Yes
5126353,Yes
5041402,Yes
5054213,Yes
5058542,No
5038734,Yes
5033558,Yes
5026393,Yes
5021416,Yes
5143441,No
5074747,No
5118253,Yes
5047766,No
5106031,Yes
5028693,Yes
5022950,Yes
5114118,Yes
5067073,Yes
5045731,No
5023712,Yes
5116841,Yes
5036208,Yes
5089311,Yes
5105273,Yes
5116131,Yes
5088283,Yes
5126014,Yes
5009835,Yes
5036479,Yes
5009662,Yes
5068972,Yes
5036460,Yes
5026528,No
5066390,Yes
5095222,Yes
5105630,Yes
5125752,Yes
5132711,No
5096209,Yes
5085665,Yes
5058362,No
5061731,No
5114308,Yes
5022086,Yes
5024545,Yes
5125539,Yes
5067836,Yes
5069094,Yes
5050454,Yes
5143210,Yes
5022047,Yes
5053214,No
5045718,Yes
5021862,Yes
5061649,Yes
5026638,Yes
5091416,Yes
5065804,Yes
5100285,Yes
5085643,Yes
5068420,Yes
5090413,Yes
5114569,Yes
5024355,Yes
5028392,Yes
5097041,Yes
5033854,Yes
5132295,No
5113416,Yes
5089786,Yes
5115888,Yes
5096038,Yes
5009389,Yes
5044508,Yes
5021684,Yes
5091603,Yes
5146252,No
5025832,Yes
5142889,Yes
5148462,Yes
5092172,Yes
5022203,Yes
5068064,Yes
5029386,No
5025833,Yes
5112684,No
5062573,Yes
5024888,Yes
5046251,No
5149019,Yes
5010141,No
5045357,Yes
5022468,Yes
5087810,Yes
5041648,Yes
5142565,Yes
5143246,Yes
5041072,Yes
5086011,Yes
5021991,Yes
5008824,Yes
5054424,Yes
5033480,Yes
5022876,Yes
5114374,Yes
5062739,Yes
5139883,Yes
5056185,Yes
5126668,Yes
5068713,Yes
5117686,Yes
5092454,Yes
5052664,Yes
5105992,Yes
5008812,Yes
5065438,Yes
5096288,Yes
5095876,Yes
5091642,Yes
5061922,No
5068410,Yes
5024612,No
5066648,Yes
5050966,Yes
5067847,Yes
5044710,Yes
5041969,Yes
5126096,No
5008865,Yes
5117638,Yes
5038550,Yes
5058409,Yes
5054317,Yes
5096706,Yes
5105915,Yes
5089894,Yes
5009545,Yes
5099886,Yes
5053110,No
5053728,Yes
5132710,No
5067863,Yes
5142687,Yes
5068901,Yes
5025124,Yes
5021950,Yes
5009104,Yes
5145786,Yes
5142870,No
5137227,Yes
5125621,Yes
5113344,Yes
5126142,Yes
5009943,Yes
5137215,Yes
5010215,Yes
5118551,Yes
5114589,Yes
5069009,Yes
5116890,Yes
5105933,Yes
5078863,Yes
5114277,No
5022718,Yes
5066546,No
5068321,Yes
5105452,Yes
5091590,Yes
5048506,Yes
5105504,Yes
5009225,Yes
5051149,Yes
5088448,Yes
5045912,Yes
5028947,Yes
5023144,Yes
5068858,Yes
5010862,Yes
5066850,Yes
5036179,No
5056181,Yes
5036683,Yes
5053893,Yes
5069476,Yes
5092106,Yes
5042100,Yes
5065803,Yes
5062034,Yes
5024548,Yes
5148562,No
5028283,Yes
5116926,Yes
5069020,Yes
5113054,Yes
5090278,Yes
5046088,Yes
5135649,Yes
5067145,Yes
5042162,No
5091792,Yes
5125526,Yes
5105560,Yes
5048225,Yes
5052976,Yes
5042219,Yes
5114049,Yes
5041853,Yes
5062265,Yes
5099801,Yes
5148858,Yes
5038735,Yes
5087772,Yes
5090875,Yes
5045895,No
5116538,Yes
5091491,Yes
5095985,Yes
5088242,Yes
5024859,No
5142602,Yes
5048029,Yes
5045904,Yes
5139446,No
5132624,Yes
5150476,Yes
5053557,Yes
5069394,Yes
5143590,Yes
5062564,No
5008938,Yes
5056013,No
5024597,Yes
5079264,Yes
5010262,Yes
5023245,Yes
5065447,Yes
5024922,Yes
5054292,Yes
5115697,Yes
5117228,Yes
5041165,Yes
5090229,Yes
5126135,Yes
5105994,Yes
5022730,Yes
5053345,Yes
5029788,Yes
5105256,Yes
5053754,Yes
5136955,Yes
5021739,No
5113620,No
5021946,Yes
5053172,Yes
5143187,Yes
5113874,Yes
5024392,Yes
5069504,Yes
5052773,Yes
5029802,Yes
5022488,Yes
5113257,Yes
5142106,Yes
5114648,Yes
5023215,No
5149979,Yes
5033968,Yes
5053764,Yes
5143251,Yes
5118158,Yes
5142535,Yes
5023984,Yes
5118104,Yes
5113932,Yes
5033746,Yes
5148456,No
5087826,Yes
5037180,Yes
5061954,Yes
5029184,Yes
5125597,Yes
5099983,Yes
5061414,Yes
5009451,Yes
5068341,Yes
5113197,Yes
5023979,Yes
5142197,Yes
5035829,Yes
5054025,Yes
5113830,Yes
5117551,Yes
5118189,Yes
5010088,Yes
5148953,Yes
5142219,Yes
5022108,Yes
5023282,Yes
5099953,Yes
5054355,Yes
5062515,Yes
5029060,Yes
5024519,Yes
5142225,No
5113584,Yes
5137355,Yes
5112747,No
5036816,Yes
5143207,Yes
5023864,Yes
5022652,Yes
5024793,No
5051211,Yes
5149462,Yes
5113429,Yes
5009236,Yes
5024906,Yes
5068779,Yes
5023139,Yes
5105913,Yes
5045076,Yes
5067845,Yes
5023450,Yes
5145765,Yes
5117129,Yes
5150013,Yes
5105291,Yes
5009055,Yes
5023353,Yes
5023956,Yes
5036984,Yes
5061630,No
5117900,Yes
5090024,Yes
5137161,Yes
5146165,Yes
5010879,No
5118480,Yes
5090814,Yes
5022367,Yes
5088230,No
5135523,Yes
5010621,No
5091719,Yes
5041626,Yes
5145769,Yes
5142615,Yes
5114164,Yes
5150322,Yes
5079178,Yes
5052784,Yes
5150032,Yes
5148884,Yes
5044807,Yes
5091308,Yes
5029360,Yes
5053974,Yes
5104915,Yes
5053851,Yes
5022713,Yes
5024458,No
5067706,Yes
5061219,Yes
5116977,Yes
5137318,Yes
5068019,Yes
5022158,Yes
5061848,Yes
5021900,No
5024663,Yes
5033515,Yes
5053414,No
5026715,Yes
5022738,No
5095815,Yes
5067665,Yes
5125992,Yes
5068546,Yes
5062233,Yes
5062404,Yes
5050750,Yes
5089186,Yes
5125269,Yes
5096859,Yes
5097014,Yes
5010686,Yes
5079202,Yes
5037101,Yes
5135275,No
5041266,Yes
5062114,Yes
5025092,Yes
5050560,Yes
5112842,Yes
5096796,Yes
5132659,Yes
5135727,Yes
5036265,No
5095498,Yes
5135923,No
5090840,Yes
5114624,Yes
5088101,Yes
5135605,Yes
5037054,Yes
5100325,No
5091431,Yes
5067844,Yes
5029298,Yes
5024320,No
5104875,No
5091289,No
5069026,Yes
5088775,Yes
5142808,No
5024396,Yes
5095980,Yes
5058379,Yes
5088812,Yes
5068624,Yes
5114367,Yes
5023077,Yes
5024233,Yes
5116679,No
5105543,Yes
5036861,Yes
5045533,Yes
5113018,Yes
5150042,Yes
5126436,Yes
5140124,Yes
5053890,Yes
5058514,Yes
5143167,Yes
5115402,Yes
5068032,Yes
5067630,Yes
5035832,Yes
5113875,Yes
5089809,Yes
5023631,Yes
5090152,Yes
5028552,Yes
5125134,Yes
5009299,Yes
5113681,Yes
5062751,Yes
5149749,Yes
5142375,Yes
5069317,Yes
5067051,Yes
5025180,Yes
5053653,Yes
5096466,Yes
5066771,Yes
5038929,No
5058261,Yes
5095199,Yes
5065408,Yes
5112771,Yes
5090689,Yes
5115659,Yes
5033607,Yes
5096120,Yes
5125797,Yes
5065405,Yes
5090604,Yes
5048067,Yes
5116857,Yes
5118308,Yes
5118264,Yes
5126230,Yes
5125856,Yes
5024957,Yes
5150011,Yes
5047653,Yes
5088709,No
5089121,Yes
5079302,Yes
5126689,Yes
5053811,Yes
5088070,Yes
5096532,Yes
5117075,Yes
5117688,Yes
5009155,Yes
5105788,Yes
5067029,Yes
5116046,No
5009586,Yes
5061399,Yes
5062582,Yes
5024626,Yes
5053470,Yes
5090196,Yes
5113978,Yes
5142107,Yes
5113924,Yes
5045034,Yes
5023495,Yes
5089837,No
5111117,Yes
5149413,Yes
5033700,Yes
5117619,Yes
5114409,Yes
5021267,Yes
5048539,Yes
5114444,Yes
5056042,Yes
5099883,Yes
5096124,Yes
5096760,Yes
5094909,Yes
5118382,Yes
5024260,Yes
5033942,Yes
5061714,Yes
5024324,No
5142301,Yes
5038910,Yes
5116094,Yes
5099937,Yes
5113177,Yes
5048545,Yes
5045525,Yes
5067866,Yes
5066770,Yes
5079212,Yes
5022584,Yes
5022989,No
5044812,Yes
5142681,Yes
5008846,Yes
5044678,No
5045491,Yes
5068540,Yes
5137412,Yes
5115967,Yes
5036533,Yes
5113045,Yes
5065690,Yes
5145702,No
5045591,Yes
5116877,Yes
5067875,Yes
5116369,Yes
5116218,No
5117965,Yes
5117206,Yes
5026053,Yes
5021359,Yes
5088987,Yes
5025213,Yes
5096774,Yes
5115974,Yes
5126712,Yes
5135705,Yes
5099879,No
5091180,Yes
5028445,Yes
5023036,Yes
5126028,Yes
5023816,Yes
5148941,Yes
5118038,Yes
5092420,Yes
5023733,Yes
5116429,Yes
5114076,Yes
5125766,No
5100159,No
5142998,Yes
5038774,Yes
5125372,Yes
5135711,No
5041984,Yes
5026743,Yes
5104916,Yes
5046286,No
5096320,Yes
5091628,Yes
5112686,No
5067177,Yes
5093252,Yes
5088174,Yes
5018444,Yes
5078809,Yes
5052643,Yes
5114485,No
5028695,Yes
5029425,Yes
5116207,Yes
5010461,Yes
5046095,Yes
5009745,No
5105769,Yes
5067888,Yes
5114223,Yes
5100077,Yes
5069339,Yes
5095917,No
5113362,Yes
5052810,Yes
5089993,No
5125639,Yes
5052923,No
5089348,Yes
5021255,No
5135683,Yes
5054593,No
5021910,Yes
5148989,Yes
5045139,Yes
5074674,Yes
5117251,Yes
5114193,No
5104952,Yes
5126147,Yes
5143092,Yes
5087967,No
5137180,Yes
5045807,Yes
5113443,No
5050651,Yes
5117117,Yes
5046143,Yes
5022933,Yes
5038880,Yes
5041802,Yes
5062019,Yes
5054352,Yes
5041216,Yes
5045392,Yes
5095790,Yes
5140122,Yes
5008877,Yes
5091327,Yes
5090275,Yes
5116013,Yes
5035947,Yes
5150428,Yes
5092016,Yes
5113126,Yes
5113537,Yes
5024512,No
5066757,Yes
5094921,Yes
5053068,Yes
5026093,Yes
5137298,Yes
5132946,Yes
5033945,Yes
5117987,Yes
5024382,Yes
5050486,Yes
5099787,Yes
5050833,Yes
5025850,No
5029435,Yes
5135548,Yes
5149812,Yes
5116334,Yes
5114337,Yes
5038764,Yes
5090570,Yes
5117477,Yes
5113040,Yes
5024109,Yes
5046448,Yes
5079091,Yes
5097087,Yes
5035576,No
5086007,No
5074751,Yes
5050755,Yes
5115988,Yes
5044711,Yes
5065763,Yes
5113492,Yes
5054377,No
5116935,Yes
5026035,Yes
5105567,Yes
5009817,Yes
5038842,Yes
5137133,Yes
5061436,Yes
5025200,Yes
5100106,Yes
5150018,Yes
5048616,Yes
5021303,Yes
5010947,Yes
5117246,Yes
5067923,Yes
5067662,Yes
5010980,Yes
5105673,Yes
5065795,Yes
5025088,Yes
5088665,Yes
5061507,No
5115415,Yes
5068826,Yes
5026088,Yes
5142701,Yes
5022903,Yes
